-- phpMyAdmin SQL Dump
-- version 4.5.1
-- http://www.phpmyadmin.net
--
-- Client :  127.0.0.1
-- Généré le :  Ven 09 Novembre 2018 à 22:25
-- Version du serveur :  10.1.19-MariaDB
-- Version de PHP :  7.0.13

SET SQL_MODE = "NO_AUTO_VALUE_ON_ZERO";
SET time_zone = "+00:00";


/*!40101 SET @OLD_CHARACTER_SET_CLIENT=@@CHARACTER_SET_CLIENT */;
/*!40101 SET @OLD_CHARACTER_SET_RESULTS=@@CHARACTER_SET_RESULTS */;
/*!40101 SET @OLD_COLLATION_CONNECTION=@@COLLATION_CONNECTION */;
/*!40101 SET NAMES utf8mb4 */;

--
-- Base de données :  `films`
--

-- --------------------------------------------------------

--
-- Structure de la table `ddurs`
--

CREATE TABLE `ddurs` (
  `id_ddur` int(10) UNSIGNED NOT NULL,
  `ddur` varchar(20) NOT NULL,
  `date_use` datetime NOT NULL DEFAULT CURRENT_TIMESTAMP
) ENGINE=InnoDB DEFAULT CHARSET=utf8;

--
-- Contenu de la table `ddurs`
--

INSERT INTO `ddurs` (`id_ddur`, `ddur`, `date_use`) VALUES
(1, 'Fier DDur', '2017-10-29 09:58:42'),
(2, 'Giant Data', '2012-10-29 09:58:42'),
(3, 'Tim Hard Disc', '2014-10-29 09:58:42'),
(4, 'Tera Passport', '2016-10-29 09:58:42'),
(5, 'Iomega', '2008-10-29 09:58:42');

-- --------------------------------------------------------

--
-- Structure de la table `films`
--

CREATE TABLE `films` (
  `id_film` int(10) UNSIGNED NOT NULL,
  `titre` varchar(150) NOT NULL,
  `annee_sortie` date DEFAULT NULL,
  `jaquette` varchar(255) DEFAULT NULL,
  `lien_allocine` varchar(255) DEFAULT NULL,
  `est_vu` tinyint(1) DEFAULT '0',
  `extension` varchar(5) NOT NULL,
  `id_type` int(10) UNSIGNED DEFAULT NULL,
  `date_c` timestamp NULL DEFAULT NULL,
  `id_ddur` int(10) UNSIGNED DEFAULT NULL
) ENGINE=InnoDB DEFAULT CHARSET=utf8;

--
-- Contenu de la table `films`
--

INSERT INTO `films` (`id_film`, `titre`, `annee_sortie`, `jaquette`, `lien_allocine`, `est_vu`, `extension`, `id_type`, `date_c`, `id_ddur`) VALUES
(1, '100 girls', '2000-09-22', 'http://fr.web.img5.acsta.net/medias/nmedia/18/64/41/15/18776349.jpg', 'null', 1, 'avi', 1, '0000-00-00 00:00:00', 1),
(2, '10000', '2008-03-06', 'http://fr.web.img4.acsta.net/medias/nmedia/18/64/50/01/18900175.jpg', 'null', 1, 'avi', 1, '0000-00-00 00:00:00', 1),
(3, '1001 Pattes', '1999-02-08', 'https://images-na.ssl-images-amazon.com/images/I/511P306SJ3L._SY445_.jpg', 'null', 1, 'avi', 2, '0000-00-00 00:00:00', 1),
(4, '108 Rois Démons', '2015-01-20', 'http://t3.gstatic.com/images?q=tbn:ANd9GcQlsu9iRgKYqmRwVyCLmnUz7St1yby5runN7WU45mc1ZCXsfuJ6', 'null', 1, 'avi', 2, '0000-00-00 00:00:00', 2),
(5, '12 ROUNDS', '2009-03-18', 'http://fr.web.img6.acsta.net/medias/nmedia/18/69/69/31/19133778.jpg', 'null', 1, 'avi', 1, '0000-00-00 00:00:00', 1),
(6, '13 Assassins', '2010-09-24', 'https://images-na.ssl-images-amazon.com/images/I/91XRFnQgxBL._SY445_.jpg', 'null', 0, 'avi', 1, '0000-00-00 00:00:00', 3),
(7, '13 Hours', '2016-01-26', 'https://images-na.ssl-images-amazon.com/images/I/911maRz%2B8-L._SL1500_.jpg', 'null', 0, 'avi', 1, '0000-00-00 00:00:00', 4),
(8, '14 Blades', '2010-02-03', 'https://www.cine-sanctuary.com/v10_good/public/img/fiche/origin/22853.jpg', 'null', 1, 'avi', 1, '0000-00-00 00:00:00', 1),
(9, '1492 - Christophe Colomb', '1992-10-12', 'http://fr.web.img5.acsta.net/medias/nmedia/18/70/93/99/19815959.jpg', 'null', 0, 'avi', 1, '0000-00-00 00:00:00', 4),
(10, '16 Ans Ou Presque', '2013-12-18', 'https://encrypted-tbn0.gstatic.com/images?q=tbn:ANd9GcTQWawvA-kiJkPmHh3N6vwLrNesWDvhyJVkdacaIFFnlyNJmaG2', 'null', 0, 'avi', 1, '0000-00-00 00:00:00', 2),
(11, '17 ans encore', '2009-04-21', 'http://fr.web.img2.acsta.net/medias/nmedia/18/68/81/13/19059183.jpg', 'null', 1, 'avi', 1, '0000-00-00 00:00:00', 3),
(12, '2 Guns', '2013-09-24', 'https://encrypted-tbn0.gstatic.com/images?q=tbn:ANd9GcRneuKjSocdbwM5LKH7RLsvaIQwzHWepECACP6-e2hQ9E7XrHvReQ', 'null', 0, 'avi', 1, '0000-00-00 00:00:00', 4),
(13, '20 Ans d''Ecart', '2013-08-08', 'http://t0.gstatic.com/images?q=tbn:ANd9GcRp4DOS6KB9o6zanh0j78MUtSUVJeTe5WkRbC_CKVZMJKWrr_pr', 'null', 0, 'avi', 1, '0000-00-00 00:00:00', 2),
(14, '2010 L''Année du Premier Contact', '1985-04-03', 'http://fr.web.img4.acsta.net/medias/nmedia/18/66/41/95/18944392.jpg', NULL, 0, 'avi', 1, '0000-00-00 00:00:00', 4),
(15, '2012', '2009-11-11', 'http://fr.web.img2.acsta.net/medias/nmedia/18/68/10/09/19186143.jpg', NULL, 1, 'avi', 1, '0000-00-00 00:00:00', 1),
(16, '21 Jump Street', '2014-06-06', 'https://upload.wikimedia.org/wikipedia/en/thumb/9/93/21JumpStreetfilm.jpg/220px-21JumpStreetfilm.jpg', NULL, 1, 'avi', 1, '0000-00-00 00:00:00', 2),
(17, '22 Jump Street', '2014-06-04', 'https://upload.wikimedia.org/wikipedia/en/1/1d/22_Jump_Street_Poster.png', NULL, 1, 'avi', 1, '0000-00-00 00:00:00', 4),
(18, '28 Jours Plus Tard', '2003-05-28', 'http://fr.web.img5.acsta.net/medias/nmedia/18/35/07/76/affiche.jpg', NULL, 1, 'avi', 1, '0000-00-00 00:00:00', 1),
(19, '28 Semaines plus Tard', '2007-08-26', 'http://fr.web.img6.acsta.net/medias/nmedia/18/63/30/61/18795535.jpg', NULL, 1, 'avi', 1, '0000-00-00 00:00:00', 1),
(20, '3 Days to Kill', '2014-03-19', 'http://fr.web.img5.acsta.net/pictures/14/02/03/15/17/212833.jpg', NULL, 0, 'avi', 1, '0000-00-00 00:00:00', 2),
(21, '30 Minutes Maximum', '2011-12-28', 'http://fr.web.img5.acsta.net/medias/nmedia/18/85/54/21/19842674.jpg', NULL, 0, 'avi', 1, '0000-00-00 00:00:00', 2),
(22, '300 La Naissance d''un Empire', '2014-03-05', 'http://fr.web.img5.acsta.net/pictures/14/01/24/17/51/046973.jpg', NULL, 1, 'avi', 1, '0000-00-00 00:00:00', 4),
(23, '300', '2007-03-09', 'https://www.telerama.fr/sites/tr_master/files/56378a29-95d2-4173-a7b2-bb01e036a2d3_2.jpg', NULL, 1, 'avi', 1, '0000-00-00 00:00:00', 4),
(24, '301', '2012-03-05', 'https://images-na.ssl-images-amazon.com/images/I/718pjRT%2B6HL._SY445_.jpg', NULL, 0, 'avi', 1, '0000-00-00 00:00:00', 2),
(25, '36 Quai Des Orfevres', '2004-11-24', 'http://fr.web.img4.acsta.net/c_215_290/medias/nmedia/18/35/42/86/18395118.jpg', NULL, 0, 'avi', 1, '0000-00-00 00:00:00', 3),
(26, '3h10 pour Yuma', '2007-09-07', 'http://fr.web.img3.acsta.net/medias/nmedia/18/64/46/69/18922562.jpg', NULL, 1, 'avi', 1, '0000-00-00 00:00:00', 1),
(27, '4 Mariages et 1 Enterrement', '1994-04-27', 'https://media.senscritique.com/media/000008232702/source_big/Quatre_mariages_et_un_enterrement.jpg', NULL, 1, 'avi', 1, '0000-00-00 00:00:00', 1),
(28, '40 ans Mode d''Emploi', '2013-03-13', 'http://t3.gstatic.com/images?q=tbn:ANd9GcQLsw4e-v4WtBxDGKI2LXmKdYyoOd1AtdDEvLGgr_B6RC6SkC6z', NULL, 0, 'mkv', 1, '0000-00-00 00:00:00', 1),
(29, '40 ans Toujours Puceau', '2005-11-09', 'http://fr.web.img3.acsta.net/medias/nmedia/18/36/00/24/18444037.jpg', NULL, 1, 'avi', 1, '0000-00-00 00:00:00', 1),
(30, '40 Jours et 40 Nuits', '2002-07-10', 'http://www.linternaute.com/cinema/image_cache/objdbfilm/image/540/34603.jpg', NULL, 0, 'mkv', 1, '0000-00-00 00:00:00', 3),
(31, '47 Ronins', '2014-04-02', 'http://fr.web.img6.acsta.net/pictures/210/535/21053501_2013102818193882.jpg', NULL, 1, 'avi', 1, '0000-00-00 00:00:00', 2),
(32, '5 ans de Réflexion', '2012-08-01', 'http://fr.web.img2.acsta.net/c_215_290/medias/nmedia/18/91/10/66/20131611.jpg', 'null', 0, 'avi', 1, '0000-00-00 00:00:00', 1),
(33, '500 Jours Ensemble', '2009-09-30', 'http://fr.web.img4.acsta.net/medias/nmedia/18/68/74/89/19139318.jpg', 'null', 1, 'avi', 1, '0000-00-00 00:00:00', 3),
(34, '6 Bullets', '2012-11-17', 'https://media.senscritique.com/media/000007028276/source_big/Six_Bullets.jpg', 'null', 1, 'avi', 1, '0000-00-00 00:00:00', 2),
(35, '6 Days', '2017-08-18', 'http://fr.web.img2.acsta.net/f_png/c_215_290/o_logo-netflix-n.png_5_se/pictures/16/07/15/07/35/478859.jpg', 'null', 0, 'avi', 1, '0000-00-00 00:00:00', 1),
(36, '60 Secondes Chrono', '2000-08-23', 'http://fr.web.img2.acsta.net/c_215_290/medias/nmedia/00/02/12/73/affiche.jpg', 'null', 1, 'avi', 1, '0000-00-00 00:00:00', 3),
(37, '7 ans de Séduction', '2005-04-21', 'http://fr.web.img3.acsta.net/c_215_290/medias/nmedia/18/35/66/23/18437618.jpg', NULL, 0, 'mkv', 1, '0000-00-00 00:00:00', 1),
(38, '7 Psychopathes', '2013-01-30', 'http://static1.puretrend.com/articles/6/72/92/6/@/823097-colin-farrell-sam-rockwell-580x0-1.jpg', NULL, 1, 'avi', 1, '0000-00-00 00:00:00', 4),
(39, '7 vies', '2009-01-14', 'http://fr.web.img3.acsta.net/medias/nmedia/18/67/97/93/19040285.jpg', NULL, 0, 'avi', 1, '0000-00-00 00:00:00', 1),
(40, '9 Mois Ferme', '0000-00-00', 'NULL', NULL, 0, 'avi', 1, '0000-00-00 00:00:00', 4),
(41, '99 Francs', '0000-00-00', 'NULL', NULL, 0, 'avi', 1, '0000-00-00 00:00:00', 1),
(42, '99 Homes', '0000-00-00', 'NULL', NULL, 0, 'avi', 1, '0000-00-00 00:00:00', 4),
(43, 'A Bout Portant', '0000-00-00', 'NULL', NULL, 0, 'avi', 1, '0000-00-00 00:00:00', 3),
(44, 'A Day Of  Violence', '0000-00-00', 'NULL', NULL, 0, 'avi', 1, '0000-00-00 00:00:00', 2),
(45, 'A Fond', '0000-00-00', 'NULL', NULL, 0, 'avi', 1, '0000-00-00 00:00:00', 1),
(46, 'A Good Old Fashioned Orgy', '0000-00-00', 'NULL', NULL, 0, 'avi', 1, '0000-00-00 00:00:00', 2),
(47, 'A History of Violence', '0000-00-00', 'NULL', NULL, 1, 'avi', 1, '0000-00-00 00:00:00', 1),
(48, 'A la Croisée des Mondes - La Boussole d''Or', '0000-00-00', 'NULL', NULL, 1, 'avi', 1, '0000-00-00 00:00:00', 1),
(49, 'A la Poursuite de Demain', '2015-05-20', 'http://t3.gstatic.com/images?q=tbn:ANd9GcSMvRqGPcT1VLnQzy0kO7jCL2zkVF6yUaZ_28GqrPUQyLfL9S6M', 'null', 0, 'avi', 1, '0000-00-00 00:00:00', 4),
(50, 'A la Poursuite d''Octobre Rouge', '0000-00-00', 'NULL', NULL, 1, 'avi', 1, '0000-00-00 00:00:00', 4),
(51, 'A la Recherche du Bonheur', '2007-01-30', 'http://fr.web.img2.acsta.net/medias/nmedia/18/62/89/48/18708437.jpg', 'null', 0, 'avi', 1, '0000-00-00 00:00:00', 1),
(52, 'A l''Aube du 6éme Jour', '0000-00-00', 'NULL', NULL, 1, 'avi', 1, '0000-00-00 00:00:00', 1),
(53, 'A Sound of Thunder', '2005-09-02', 'https://media.senscritique.com/media/000000099844/source_big/Un_coup_de_tonnerre.png', 'null', 0, 'avi', 1, '0000-00-00 00:00:00', 3),
(54, 'A Toute Epreuve', '2014-07-09', 'http://fr.web.img3.acsta.net/pictures/14/04/24/14/34/397700.jpg', 'null', 1, 'avi', 1, '0000-00-00 00:00:00', 3),
(55, 'A.I. Intelligence Artificiel', '2001-10-24', 'http://fr.web.img5.acsta.net/medias/nmedia/00/00/00/64/69216449_af.jpg', 'null', 0, 'avi', 1, '0000-00-00 00:00:00', 3),
(56, 'Abraham Lincoln - Chasseur de Vampires', '2012-08-08', 'http://www.actucine.com/wp-content/uploads/2012/01/Abraham-Lincoln-111217-404x600.jpg', 'null', 1, 'avi', 1, '0000-00-00 00:00:00', 2),
(57, 'Absolutely Anything', '2015-09-30', 'http://fr.web.img5.acsta.net/pictures/15/06/30/14/46/332212.jpg', 'null', 0, 'mkv', 1, '0000-00-00 00:00:00', 1),
(58, 'Abyss', '1989-08-09', 'http://img.filmsactu.net/datas/dvd/a/b/abyss/xl/abyss-jaquette-50b62d2116b53.jpg', 'null', 1, 'avi', 1, '0000-00-00 00:00:00', 3),
(59, 'Ace Ventura Détective Animalier', '1994-02-04', 'http://ekladata.com/_ZcSfrhsK1vnUVsvj40-s3fIEpI.jpg', 'null', 1, 'avi', 1, '0000-00-00 00:00:00', 1),
(60, 'Ace Ventura en Afrique', '1995-11-10', 'http://img.filmsactu.net/datas/films/a/c/ace-ventura-en-afrique/xl/46f87c4633caf.jpg', 'null', 1, 'avi', 1, '0000-00-00 00:00:00', 1),
(61, 'Admis A Tout Prix', '2006-08-18', 'https://media.senscritique.com/media/000007467594/source_big/Admis_a_tout_prix.jpg', 'null', 0, 'avi', 1, '0000-00-00 00:00:00', 3),
(62, 'Adopte Un Veuf', '2016-04-20', 'http://t1.gstatic.com/images?q=tbn:ANd9GcS8EHlBS4MpqEOakEnM_cM5pb3B3lT2xLBLb_gNCnmGVRjyf-yn', 'null', 0, 'avi', 1, '0000-00-00 00:00:00', 4),
(63, 'Aeon Flux', '2005-12-02', 'http://fr.web.img6.acsta.net/c_215_290/medias/nmedia/18/35/51/23/18471951.jpg', 'null', 1, 'avi', 1, '0000-00-00 00:00:00', 3),
(64, 'After Earth', '0000-00-00', 'NULL', NULL, 1, 'avi', 1, '0000-00-00 00:00:00', 2),
(65, 'Agent Cody Banks 1', '0000-00-00', 'NULL', NULL, 1, 'avi', 1, '0000-00-00 00:00:00', 1),
(66, 'Agent Cody Banks 2 ', '0000-00-00', 'NULL', NULL, 1, 'avi', 1, '0000-00-00 00:00:00', 1),
(67, 'Agents Presque Secrets', '0000-00-00', 'NULL', NULL, 1, 'mkv', 1, '0000-00-00 00:00:00', 4),
(68, 'Air Force One', '0000-00-00', 'NULL', NULL, 1, 'avi', 1, '0000-00-00 00:00:00', 3),
(69, 'Alamo', '0000-00-00', 'NULL', NULL, 0, 'mp4', 1, '0000-00-00 00:00:00', 1),
(70, 'Alarme Fatale', '0000-00-00', 'NULL', NULL, 0, 'avi', 1, '0000-00-00 00:00:00', 4),
(71, 'Albator Corsaire de l''Espace', '0000-00-00', 'NULL', NULL, 1, 'avi', 2, '0000-00-00 00:00:00', 4),
(72, 'Albert à l''Ouest', '0000-00-00', 'NULL', NULL, 1, 'avi', 1, '0000-00-00 00:00:00', 2),
(73, 'Alerte A Miami - RENO 911', '0000-00-00', 'NULL', NULL, 0, 'avi', 1, '0000-00-00 00:00:00', 3),
(74, 'Alex Cross', '2012-12-19', 'https://www.ecranlarge.com/uploads/image/000/600/original-628670-838.jpg', 'null', 1, 'avi', 1, '0000-00-00 00:00:00', 2),
(75, 'Alexandre', '2005-01-05', 'http://fr.web.img2.acsta.net/c_215_290/medias/nmedia/18/35/23/58/18398340.jpg', 'null', 0, 'avi', 1, '0000-00-00 00:00:00', 1),
(76, 'Ali G', '0000-00-00', 'NULL', NULL, 0, 'avi', 1, '0000-00-00 00:00:00', 3),
(77, 'Alibi', '0000-00-00', 'NULL', NULL, 0, 'com', 1, '0000-00-00 00:00:00', 1),
(78, 'Alice au Pays des Merveilles', '0000-00-00', 'NULL', NULL, 1, 'avi', 1, '0000-00-00 00:00:00', 2),
(79, 'Alice de l''Autre Côté du Miroir', '0000-00-00', 'NULL', NULL, 1, 'avi', 1, '0000-00-00 00:00:00', 4),
(80, 'Alien 1 - Le 8ième Passager', '0000-00-00', 'NULL', NULL, 0, 'avi', 1, '0000-00-00 00:00:00', 1),
(81, 'Alien 2 - Le Retour', '0000-00-00', 'NULL', NULL, 0, 'avi', 1, '0000-00-00 00:00:00', 1),
(82, 'Alien 3', '0000-00-00', 'NULL', NULL, 0, 'avi', 1, '0000-00-00 00:00:00', 1),
(83, 'Alien 4 - Resurrection', '0000-00-00', 'NULL', NULL, 0, 'avi', 1, '0000-00-00 00:00:00', 1),
(84, 'Alien Covenant', '0000-00-00', 'NULL', NULL, 0, 'mkv', 1, '0000-00-00 00:00:00', 1),
(85, 'Aliens Vs Predator - Requiem', '2007-12-25', 'http://fr.web.img6.acsta.net/c_215_290/medias/nmedia/18/63/82/98/18863317.jpg', NULL, 1, 'avi', 1, '0000-00-00 00:00:00', 1),
(86, 'Aliens Vs Predator', '2004-10-27', 'http://fr.web.img6.acsta.net/medias/nmedia/18/35/18/23/18393144.jpg', NULL, 1, 'avi', 1, '0000-00-00 00:00:00', 1),
(87, 'Alliés', '2016-11-23', 'http://t0.gstatic.com/images?q=tbn:ANd9GcSn_etAh22nK4xd5T5HBhzquEGK1MLs7pX8-sSuM8fQrFTOTy77', NULL, 0, 'mkv', 1, '0000-00-00 00:00:00', 1),
(88, 'Allo Maman ici Bébé', '1989-10-12', 'https://images-na.ssl-images-amazon.com/images/I/5198HA77QTL._SY445_.jpg', NULL, 1, 'avi', 1, '0000-00-00 00:00:00', 1),
(89, 'American Assassin', '2017-09-20', 'http://t0.gstatic.com/images?q=tbn:ANd9GcSfTvtdgcPHgaJVqoDwNe8KSMMLl6KZtoN1CYzXvPz5oCeFefA6', NULL, 0, 'avi', 1, '0000-00-00 00:00:00', 1),
(90, 'American Bluff', '2014-02-05', 'http://fr.web.img3.acsta.net/c_215_290/pictures/13/12/17/13/00/199998.jpg', NULL, 0, 'avi', 1, '0000-00-00 00:00:00', 3),
(91, 'American Campus', '2008-08-29', 'http://idata.over-blog.com/5/41/50/16/Le-Film-du-Lundi/american-campus-2.jpg', NULL, 0, 'avi', 1, '0000-00-00 00:00:00', 1),
(92, 'American Gangster', '2007-11-14', 'http://fr.web.img2.acsta.net/medias/nmedia/18/63/18/22/18828545.jpg', NULL, 0, 'avi', 1, '0000-00-00 00:00:00', 3),
(93, 'American History X', '1999-03-03', 'https://lecinemaavecungranda.files.wordpress.com/2015/04/american-history-x-1373525300-54.jpg', NULL, 0, 'avi', 1, '0000-00-00 00:00:00', 1),
(94, 'American Party', '2002-04-22', 'https://1645110239.rsc.cdn77.org/image/f330x470/q50/mm/befr/movies59/posters/american-party-van-wilder-relations-publiques.20170228025652.jpg', NULL, 1, 'avi', 1, '0000-00-00 00:00:00', 3),
(95, 'American Pie 1', '1999-12-08', 'http://www.okeystreaming.com/wp-content/uploads/2018/01/9a77c38f53010d5cb4c4d5758a32ce65--american-pie--pies.jpg', NULL, 1, 'avi', 1, '0000-00-00 00:00:00', 3),
(96, 'American Pie 2', '2001-10-17', 'https://images-na.ssl-images-amazon.com/images/I/51FY0RB73GL.jpg', NULL, 1, 'avi', 1, '0000-00-00 00:00:00', 3),
(97, 'American Pie 3 - Marions Les', '2003-10-15', 'https://images-na.ssl-images-amazon.com/images/I/51SM8XVYTFL._SY445_.jpg', NULL, 0, 'avi', 1, '0000-00-00 00:00:00', 1),
(98, 'American Pie 4', '2012-05-02', 'https://is5-ssl.mzstatic.com/image/thumb/Video/v4/2b/48/b1/2b48b121-9ad6-9248-0c0b-a9248e11663e/mza_7986297212054602413.jpg/1200x630bb.jpg', NULL, 0, 'avi', 1, '0000-00-00 00:00:00', 1),
(99, 'American Pie 5 - No limit', '2005-01-01', 'http://cinemur-cdn.s3-eu-west-1.amazonaws.com/movies/cache/600x800_210852.jpg', NULL, 1, 'avi', 1, '0000-00-00 00:00:00', 3),
(100, 'American Pie 6 - String Academy', '2006-12-07', 'https://www.ecranlarge.com/uploads/image/000/483/original-467491-124.jpg', NULL, 1, 'avi', 1, '0000-00-00 00:00:00', 3),
(101, 'American Pie 7 - Campus en Folie', '2007-12-10', 'https://p1.cineserie.com/www.cineserie.com/wp-content/uploads/2007/12/75558.jpg?resize=212%2C318&ssl=1&ver=1', NULL, 1, 'avi', 1, '0000-00-00 00:00:00', 3),
(102, 'American Pie 8 - Les Sex Commandements', '2012-09-10', 'https://musicimage.xboxlive.com/catalog/video.movie.8D6KGWZL61SF/image?locale=fr-ca&mode=crop&purposes=BoxArt&q=90&h=300&w=200&format=jpg', NULL, 1, 'avi', 1, '0000-00-00 00:00:00', 3),
(103, 'American Sniper', '2015-02-18', 'http://t2.gstatic.com/images?q=tbn:ANd9GcTEzE--q5TZEtnvvFuIsF-DY2ngO-Tc1E2hqJilZbL9bjHOf7H_', NULL, 1, 'avi', 1, '0000-00-00 00:00:00', 4),
(104, 'American Trip', '2010-09-01', 'https://images-na.ssl-images-amazon.com/images/I/51-A8Z64nyL._SY445_.jpg', NULL, 0, 'avi', 1, '0000-00-00 00:00:00', 1),
(105, 'American Virgin', '2009-11-04', 'http://www.gstatic.com/tv/thumb/v22vodart/7875495/p7875495_v_v8_aa.jpg', NULL, 0, 'avi', 1, '0000-00-00 00:00:00', 2),
(106, 'Amour et Amnesie', '0000-00-00', 'NULL', NULL, 1, 'avi', 1, '0000-00-00 00:00:00', 1),
(107, 'Anastasia', '0000-00-00', 'NULL', NULL, 1, 'avi', 3, '0000-00-00 00:00:00', 1),
(108, 'AngelA', '0000-00-00', 'NULL', NULL, 1, 'avi', 1, '0000-00-00 00:00:00', 1),
(109, 'Angelique', '0000-00-00', 'NULL', NULL, 0, 'avi', 1, '0000-00-00 00:00:00', 4),
(110, 'Anges & Démons', '2009-05-13', 'http://fr.web.img6.acsta.net/medias/nmedia/18/64/21/36/20524432.jpg', NULL, 1, 'avi', 1, '0000-00-00 00:00:00', 1),
(111, 'Angles d''Attaque', '2008-02-13', 'http://fr.web.img6.acsta.net/medias/nmedia/18/63/76/08/18893686.jpg', NULL, 1, 'avi', 1, '0000-00-00 00:00:00', 1),
(112, 'Animal 2', '2009-08-19', 'https://www.ecranlarge.com/uploads/image/000/230/original-161863-414.jpg', NULL, 0, 'avi', 1, '0000-00-00 00:00:00', 1),
(113, 'Animal l''Animal', '2001-06-01', 'http://fr.web.img6.acsta.net/medias/nmedia/00/02/35/36/affanimal.jpg', NULL, 0, 'avi', 1, '0000-00-00 00:00:00', 4),
(114, 'Animaux Et Compagnie', '2011-02-09', 'http://t3.gstatic.com/images?q=tbn:ANd9GcT2h4LxaZ-aJmHjrD_bVSXkFApH08_PcCBpzZaSTR8bmWM5P__C', NULL, 1, 'avi', 2, '0000-00-00 00:00:00', 2),
(115, 'Ant Man', '2015-07-14', 'http://t2.gstatic.com/images?q=tbn:ANd9GcSDtRNahAsw6y3KmAY9KH5Gjdvy4GgbRNIrUiYNsvEzIDZFHhgE', NULL, 1, 'mkv', 1, '0000-00-00 00:00:00', 2),
(116, 'Apocalypse Now', '1979-09-26', 'http://fr.web.img4.acsta.net/medias/nmedia/18/63/13/18/18858841.jpg', NULL, 0, 'avi', 1, '0000-00-00 00:00:00', 1),
(117, 'Apocalypto', '2007-01-10', 'http://fr.web.img2.acsta.net/medias/nmedia/18/36/26/80/18704297.jpg', NULL, 1, 'avi', 1, '0000-00-00 00:00:00', 1),
(118, 'Appaloosa', '2008-09-19', 'http://fr.web.img6.acsta.net/medias/nmedia/18/66/88/65/18982297.jpg', NULL, 0, 'avi', 1, '0000-00-00 00:00:00', 1),
(119, 'Appelez Moi Dave', '2008-07-09', 'http://fr.web.img3.acsta.net/c_215_290/medias/nmedia/18/65/69/31/18959865.jpg', NULL, 1, 'avi', 1, '0000-00-00 00:00:00', 1),
(120, 'Arena', '2011-10-11', 'http://img.filmsactu.net/datas/films/a/r/arena/xl/4e88565acf976.jpg', NULL, 1, 'avi', 1, '0000-00-00 00:00:00', 2),
(121, 'Arizona Dream', '1993-01-06', 'http://fr.web.img6.acsta.net/c_215_290/pictures/13/12/27/12/37/497076.jpg', NULL, 0, 'avi', 1, '0000-00-00 00:00:00', 1),
(122, 'Arnaque à la Carte', '2013-02-07', 'https://i.skyrock.net/5397/78875397/pics/3161643034_1_2_nsxRyb6I.jpg', NULL, 0, 'avi', 1, '0000-00-00 00:00:00', 2),
(123, 'Arnaques, Crimes et Botaniques', '1998-10-28', 'http://fr.web.img6.acsta.net/pictures/14/08/20/12/49/389231.jpg', NULL, 1, 'avi', 1, '0000-00-00 00:00:00', 3),
(124, 'Arrête Moi Si Tu Peux', '2003-02-12', 'http://fr.web.img3.acsta.net/medias/nmedia/00/02/54/32/aff2.jpg', NULL, 1, 'avi', 1, '0000-00-00 00:00:00', 3),
(125, 'Arrietty - Le Petit Monde Des Chapardeurs', '2010-11-30', 'http://t2.gstatic.com/images?q=tbn:ANd9GcSv7XSGcyAj7rf6oAF20uT8swe7Z9TMRi164AAN0zrpTdGqwMfA', NULL, 1, 'avi', 3, '0000-00-00 00:00:00', 4),
(126, 'Arsene Lupin', '2004-10-13', 'http://fr.web.img4.acsta.net/c_215_290/medias/nmedia/18/35/18/12/18386594.jpg', NULL, 1, 'avi', 1, '0000-00-00 00:00:00', 3),
(127, 'Arthur et les Minimoys 2 - La Vengeance de Malthazard', '2009-12-02', 'http://fr.web.img5.acsta.net/medias/nmedia/18/65/88/32/19168999.jpg', NULL, 1, 'avi', 2, '0000-00-00 00:00:00', 1),
(128, 'Arthur et les Minimoys 3 - La Guerre Des Deux Mondes', '2010-10-13', 'http://fr.web.img6.acsta.net/c_215_290/medias/nmedia/18/78/43/40/19493858.jpg', NULL, 1, '.av', 2, '0000-00-00 00:00:00', 1),
(129, 'Arthur et les Minimoys', '2006-11-29', 'http://fr.web.img2.acsta.net/medias/nmedia/18/35/85/13/18684533.jpg', NULL, 1, 'avi', 2, '0000-00-00 00:00:00', 1),
(130, 'Assassination Games', '2011-07-29', 'https://images-na.ssl-images-amazon.com/images/I/81jkcswFlRL._SY445_.jpg', NULL, 0, 'avi', 1, '0000-00-00 00:00:00', 2),
(131, 'Assassins (Banderas Stallone)', '1995-11-01', 'http://fr.web.img6.acsta.net/c_215_290/medias/nmedia/18/65/04/25/19721070.jpg', NULL, 1, 'avi', 1, '0000-00-00 00:00:00', 4),
(132, 'Assassins Creed', '2016-12-13', 'http://t1.gstatic.com/images?q=tbn:ANd9GcRwcJfc_gs0lg_W5eX0X7bF0BSyu1Jrh_w8kSPZLk4Ahe1IyhEB', NULL, 1, 'avi', 1, '0000-00-00 00:00:00', 1),
(133, 'Asterix - Le Domaine Des Dieux', '0000-00-00', 'NULL', NULL, 1, 'avi', 2, '0000-00-00 00:00:00', 4),
(134, 'Asterix Mission Cleopatre', '0000-00-00', 'NULL', NULL, 1, 'avi', 1, '0000-00-00 00:00:00', 1),
(135, 'Astro Boy', '0000-00-00', 'NULL', NULL, 1, 'avi', 2, '0000-00-00 00:00:00', 3),
(136, 'Athena Goddess Of War', '0000-00-00', 'NULL', NULL, 0, 'avi', 1, '0000-00-00 00:00:00', 2),
(137, 'Atomic Blonde', '0000-00-00', 'NULL', NULL, 1, 'avi', 1, '0000-00-00 00:00:00', 1),
(138, 'Attache-Moi', '0000-00-00', 'NULL', NULL, 0, 'avi', 1, '0000-00-00 00:00:00', 3),
(139, 'Attack force', '0000-00-00', 'NULL', NULL, 0, 'avi', 1, '0000-00-00 00:00:00', 3),
(140, 'Au Bout de la Nuit', '0000-00-00', 'NULL', NULL, 0, 'avi', 1, '0000-00-00 00:00:00', 4),
(141, 'Au Dela de Nos Reves', '0000-00-00', 'NULL', NULL, 0, 'avi', 1, '0000-00-00 00:00:00', 4),
(142, 'Au service Secret de sa Majesté', '0000-00-00', 'NULL', NULL, 1, 'avi', 1, '0000-00-00 00:00:00', 1),
(143, 'Austin Powers 1', '0000-00-00', 'NULL', NULL, 1, 'avi', 1, '0000-00-00 00:00:00', 1),
(144, 'Austin Powers 2 - L''espion Qui m''a Tirée', '0000-00-00', 'NULL', NULL, 1, 'avi', 1, '0000-00-00 00:00:00', 1),
(145, 'Austin Powers 3 - Gold Member', '0000-00-00', 'NULL', NULL, 0, 'avi', 1, '0000-00-00 00:00:00', 2),
(146, 'Australia', '0000-00-00', 'NULL', NULL, 1, 'avi', 1, '0000-00-00 00:00:00', 1),
(147, 'Automata', '0000-00-00', 'NULL', NULL, 0, 'avi', 1, '0000-00-00 00:00:00', 4),
(148, 'Avatar', '0000-00-00', 'NULL', NULL, 1, 'mkv', 1, '0000-00-00 00:00:00', 2),
(149, 'Azur et Asmar', '0000-00-00', 'NULL', NULL, 0, 'avi', 3, '0000-00-00 00:00:00', 2),
(150, 'Baby Boss', '2017-03-29', 'http://t2.gstatic.com/images?q=tbn:ANd9GcT7X2aYK4zgt8txdld6EPHJrdUukGlOXUjZTsmVhXSnGvmRxMXD', 'null', 1, 'avi', 2, '0000-00-00 00:00:00', 1),
(151, 'Baby Driver', '0000-00-00', 'NULL', NULL, 1, 'avi', 1, '0000-00-00 00:00:00', 4),
(152, 'BABYLON', '0000-00-00', 'NULL', NULL, 1, 'A.D', 1, '0000-00-00 00:00:00', 1),
(153, 'Baby-Sittor', '0000-00-00', 'NULL', NULL, 1, 'avi', 1, '0000-00-00 00:00:00', 1),
(154, 'Bad Ass', '0000-00-00', 'NULL', NULL, 0, 'avi', 1, '0000-00-00 00:00:00', 3),
(155, 'Bad Asses 2', '0000-00-00', 'NULL', NULL, 0, 'avi', 1, '0000-00-00 00:00:00', 3),
(156, 'Bad Asses On The Bayou', '0000-00-00', 'NULL', NULL, 0, 'avi', 1, '0000-00-00 00:00:00', 2),
(157, 'Bad Boys 2', '0000-00-00', 'NULL', NULL, 1, 'avi', 1, '0000-00-00 00:00:00', 1),
(158, 'Bad Boys', '0000-00-00', 'NULL', NULL, 1, 'avi', 1, '0000-00-00 00:00:00', 1),
(159, 'Bad Cat', '0000-00-00', 'NULL', NULL, 0, 'avi', 2, '0000-00-00 00:00:00', 1),
(160, 'Bad Cop', '0000-00-00', 'NULL', NULL, 0, 'avi', 1, '0000-00-00 00:00:00', 2),
(161, 'Bad Kids Go To Hell', '0000-00-00', 'NULL', NULL, 0, 'avi', 1, '0000-00-00 00:00:00', 2),
(162, 'Bad Moms', '0000-00-00', 'NULL', NULL, 0, 'avi', 1, '0000-00-00 00:00:00', 1),
(163, 'Bad Teacher', '0000-00-00', 'NULL', NULL, 1, 'avi', 1, '0000-00-00 00:00:00', 3),
(164, 'Bad Yankee', '0000-00-00', 'NULL', NULL, 1, 'avi', 1, '0000-00-00 00:00:00', 2),
(165, 'Badges of Fury', '0000-00-00', 'NULL', NULL, 1, 'avi', 1, '0000-00-00 00:00:00', 2),
(166, 'Balade Entre Les Tombes', '0000-00-00', 'NULL', NULL, 0, 'avi', 1, '0000-00-00 00:00:00', 2),
(167, 'Ballerina', '0000-00-00', 'NULL', NULL, 1, 'avi', 2, '0000-00-00 00:00:00', 1),
(168, 'Ballistic', '0000-00-00', 'NULL', NULL, 0, 'avi', 1, '0000-00-00 00:00:00', 3),
(169, 'Balls Of Fury', '0000-00-00', 'NULL', NULL, 1, 'avi', 1, '0000-00-00 00:00:00', 4),
(170, 'Balto, Héros des Neiges', '0000-00-00', 'NULL', NULL, 1, 'avi', 3, '0000-00-00 00:00:00', 4),
(171, 'Bande de Sauvages', '0000-00-00', 'NULL', NULL, 1, 'avi', 1, '0000-00-00 00:00:00', 2),
(172, 'Bangkok Fighter', '0000-00-00', 'NULL', NULL, 1, 'avi', 1, '0000-00-00 00:00:00', 2),
(173, 'Banlieu 13 Ultimatum', '0000-00-00', 'NULL', NULL, 1, 'avi', 1, '0000-00-00 00:00:00', 1),
(174, 'Banlieu 13', '0000-00-00', 'NULL', NULL, 1, 'avi', 1, '0000-00-00 00:00:00', 1),
(175, 'Barry Seal - American Traffic', '0000-00-00', 'NULL', NULL, 0, 'mkv', 1, '0000-00-00 00:00:00', 1),
(176, 'Basic Instinct', '1992-05-08', 'https://affif-sitepublic-media-prod.s3.amazonaws.com/film_poster/0001/57/thumb_56747_film_poster_293x397.jpeg', NULL, 0, 'avi', 1, '0000-00-00 00:00:00', 1),
(177, 'Basic', '2003-03-28', 'http://fr.web.img5.acsta.net/c_215_290/medias/nmedia/18/35/05/80/affiche.jpg', NULL, 1, 'avi', 1, '0000-00-00 00:00:00', 1),
(178, 'Bastille Day', '2016-06-23', 'http://fr.web.img2.acsta.net/c_215_290/pictures/16/05/20/16/15/441249.jpg', NULL, 0, 'avi', 1, '0000-00-00 00:00:00', 1),
(179, 'Batman And Harley Quinn', '2017-08-29', 'http://www.clubvideoflash.com/_img/prod/2017/8977_thumb_9397.jpg', NULL, 0, 'mkv', 3, '0000-00-00 00:00:00', 4),
(180, 'Batman Begins', '2005-06-15', 'https://upload.wikimedia.org/wikipedia/th/5/56/%E0%B9%83%E0%B8%9A%E0%B8%9B%E0%B8%B4%E0%B8%94%E0%B8%AB%E0%B8%99%E0%B8%B1%E0%B8%87%E0%B9%81%E0%B8%9A%E0%B8%97%E0%B9%81%E0%B8%A1%E0%B8%99_%E0%B8%9A%E0%B8%B5%E0%B8%81%E0%B8%B4%E0%B8%99%E0%B8%AA%E0%B9%8C.jpg', NULL, 1, 'avi', 1, '0000-00-00 00:00:00', 1),
(181, 'Batman et Robin', '1997-06-12', 'https://images-na.ssl-images-amazon.com/images/I/51QDWY0T4BL._SY445_.jpg', NULL, 1, 'avi', 1, '0000-00-00 00:00:00', 3),
(182, 'Batman Forever', '1995-06-06', 'https://images-na.ssl-images-amazon.com/images/I/711O1ZJG2zL._SL1000_.jpg', NULL, 1, 'avi', 1, '0000-00-00 00:00:00', 3),
(183, 'Batman The Dark Knight Rises', '2012-07-25', 'http://t1.gstatic.com/images?q=tbn:ANd9GcRIiLwO4ZCIQ4iLf-vwMlU_pBoGL92RS-QNJxg5hA-dUQCAVxdg', NULL, 1, 'avi', 1, '0000-00-00 00:00:00', 2),
(184, 'Batman The Dark Knight', '2008-08-13', 'http://t2.gstatic.com/images?q=tbn:ANd9GcQfQgYaGGkXDt_8WRcMPkaWGEF6KPKa2Sw53V5sksHO5V2XB7rl', NULL, 1, 'avi', 1, '0000-00-00 00:00:00', 1),
(185, 'Batman Vs Superman - Dawn of Justice', '2016-03-23', 'http://t3.gstatic.com/images?q=tbn:ANd9GcTMvU07lxL3CYcLVM2P8B02ogNYUDb0XJYMVQpCJ8J1Ig4s1V7l', NULL, 1, 'avi', 1, '0000-00-00 00:00:00', 4),
(186, 'Batman', '1989-09-13', 'http://fr.web.img6.acsta.net/pictures/17/11/03/14/52/0823987.jpg', NULL, 1, 'avi', 1, '0000-00-00 00:00:00', 3),
(187, 'Battle Royale', '2001-11-21', 'http://fr.web.img3.acsta.net/medias/nmedia/00/02/32/69/baff.jpg', NULL, 1, 'avi', 1, '0000-00-00 00:00:00', 1),
(188, 'Battleships', '2012-04-11', 'https://is5-ssl.mzstatic.com/image/thumb/Video/v4/8b/37/b6/8b37b6c6-0586-0b75-c0f2-196f36e1eba5/mza_5351703675425425841.jpg/1200x630bb.jpg', NULL, 1, 'avi', 1, '0000-00-00 00:00:00', 2),
(189, 'Baywatch - Alerte a Malibu', '2017-08-21', 'http://t3.gstatic.com/images?q=tbn:ANd9GcSqer5ZvI0p193uiYhpPRs_IeShMoSDWXEVZ79jn60loEMjVzkE', NULL, 1, 'mkv', 1, '0000-00-00 00:00:00', 1),
(190, 'Beacoup de Bruit Pour Rien', '1993-05-26', 'http://a1.att.hudong.com/48/82/01300000045385120220826633775_s.jpg', NULL, 0, 'avi', 1, '0000-00-00 00:00:00', 4),
(191, 'Beauté Cachée', '2016-12-21', 'http://t3.gstatic.com/images?q=tbn:ANd9GcRn0YkPxdVEp9KH9ucPUxQNscRH-IwC7QxHPh3H1SwsgI7l6W0I', NULL, 0, 'avi', 1, '0000-00-00 00:00:00', 1),
(192, 'Beauty and The Beast', '2017-03-22', 'http://t0.gstatic.com/images?q=tbn:ANd9GcTDCfsOydkQexipiClNaKfEq2NPdcWs55xV5VDi9__9eylpLU0M', NULL, 0, 'mkv', 1, '0000-00-00 00:00:00', 1),
(193, 'Bee Movie', '2007-12-12', 'https://images-na.ssl-images-amazon.com/images/I/51gLhqKDXkL._SY445_.jpg', NULL, 1, 'avi', 2, '0000-00-00 00:00:00', 1),
(194, 'Beerfest', '2006-08-25', 'http://www.gstatic.com/tv/thumb/v22vodart/161397/p161397_v_v8_ac.jpg', NULL, 0, 'avi', 1, '0000-00-00 00:00:00', 1),
(195, 'Ben Hur', '2016-08-18', 'http://t3.gstatic.com/images?q=tbn:ANd9GcTh2LqsieJcHkIiWfjszPX9OsHKAD0V2zP7ap5s9KsxfWuW0SVp', NULL, 1, 'avi', 1, '0000-00-00 00:00:00', 4),
(196, 'Benjamin Gates et Le Livre des Secrets', '2007-12-21', 'http://img.filmsactu.net/datas/films/b/e/benjamin-gates-et-le-livre-des-secrets/xl/4702e3fc74e61.jpg', NULL, 1, 'avi', 1, '0000-00-00 00:00:00', 1),
(197, 'Benjamin Gates et Le Secret des Templiers', '2004-12-22', 'https://images-na.ssl-images-amazon.com/images/I/51TCX%2Bf9ceL.jpg', NULL, 1, 'avi', 1, '0000-00-00 00:00:00', 1),
(198, 'Bernard et Bianca 2 au Pays des Kangourous', '1991-11-27', 'http://fr.web.img4.acsta.net/pictures/17/07/10/16/28/487170.jpg', NULL, 1, 'avi', 3, '0000-00-00 00:00:00', 3),
(199, 'Bernie', '1996-11-27', 'https://m.media-amazon.com/images/M/MV5BMTc2NzYzOTIzM15BMl5BanBnXkFtZTcwNjQ2MzQyMQ@@._V1_UY1200_CR102,0,630,1200_AL_.jpg', NULL, 1, 'avi', 1, '0000-00-00 00:00:00', 1),
(200, 'Besouro - Le Maitre De Capoeira', '2009-09-21', 'https://www.horreur.net/sites/default/files/styles/principale/public/upload/besourro.jpg?itok=rmbDfWwC', NULL, 0, 'avi', 1, '0000-00-00 00:00:00', 2),
(201, 'Beur sur la Ville', '2011-09-12', 'http://fr.web.img4.acsta.net/medias/nmedia/18/82/77/93/19806551.jpg', NULL, 0, 'avi', 1, '0000-00-00 00:00:00', 2),
(202, 'Bienvenue à Bord', '2011-10-05', 'http://img.filmsactu.net/datas/films/b/i/bienvenue-a-bord/xl/4e5e37756c45f.jpg', NULL, 0, 'avi', 1, '0000-00-00 00:00:00', 2),
(203, 'Bienvenue Chez Les Chtis', '2008-02-20', 'http://fr.web.img5.acsta.net/medias/nmedia/18/64/74/53/18889951.jpg', NULL, 1, 'avi', 1, '0000-00-00 00:00:00', 1),
(204, 'Bienvenue Chez les Robinson', '2007-03-23', 'http://fr.web.img6.acsta.net/medias/nmedia/18/36/27/25/18799861.jpg', NULL, 1, 'avi', 2, '0000-00-00 00:00:00', 2),
(205, 'Bienvenue Dans la Jungle', '2003-09-26', 'https://images-na.ssl-images-amazon.com/images/I/51sXi41rChL._SY445_.jpg', NULL, 1, 'avi', 1, '0000-00-00 00:00:00', 4),
(206, 'Bienvenue en Prison', '2006-11-17', 'http://www.cinemapassion.com/lesaffiches/Bienvenue-en-prison-affiche-13516.jpg', NULL, 1, 'avi', 1, '0000-00-00 00:00:00', 4),
(207, 'Big Daddy', '1999-09-22', 'https://media.senscritique.com/media/000009099662/source_big/Big_Daddy.jpg', NULL, 0, 'avi', 1, '0000-00-00 00:00:00', 1),
(208, 'Bigfoot Junior', '2018-08-16', 'http://t3.gstatic.com/images?q=tbn:ANd9GcTrA8wea6_a0celLgOmiIoymNE6PZlHzEXCUwASBKcjG9cnUFxQ', NULL, 1, 'avi', 2, '0000-00-00 00:00:00', 4),
(209, 'Billy Elliot', '2000-05-19', 'http://t1.gstatic.com/images?q=tbn:ANd9GcRVpwQz1cOWY0gRCFLj0RvAdzPH3GCekiMZp3fApshlmfPbHh5F', NULL, 1, 'avi', 1, '0000-00-00 00:00:00', 1),
(210, 'Birdman', '2015-01-28', 'http://t0.gstatic.com/images?q=tbn:ANd9GcQmbddMKrEOBdN7-2MCCLbSCAht2VNdZh7lHPfKQv2yb52ko2pI', NULL, 0, 'avi', 1, '0000-00-00 00:00:00', 4),
(211, 'Black and White', '2005-03-25', 'http://fr.web.img4.acsta.net/c_215_290/medias/nmedia/18/35/53/52/18437927.jpg', NULL, 0, 'avi', 1, '0000-00-00 00:00:00', 2),
(212, 'Black Butterfly', '2017-05-26', 'https://www.cinetrafic.fr/images/affiches/big/aff_54564672620171016143218.jpg?1539491263', NULL, 0, 'avi', 1, '0000-00-00 00:00:00', 1),
(213, 'Blade I', '1998-01-01', 'https://www.roalter.it/dvd/covers/BLADE.jpg', NULL, 1, 'avi', 1, '0000-00-00 00:00:00', 4),
(214, 'Blade II', '2002-06-19', 'http://fr.web.img6.acsta.net/medias/nmedia/00/02/38/57/affblade2.jpg', NULL, 1, 'avi', 1, '0000-00-00 00:00:00', 4),
(215, 'Blade III - Trinity', '2004-12-04', 'https://i.pinimg.com/originals/40/38/43/40384305a33e160ba23e618c49b21d5c.jpg', NULL, 1, 'mkv', 1, '0000-00-00 00:00:00', 2),
(216, 'Blade of the Immortal', '2017-04-29', 'http://fr.web.img2.acsta.net/f_png/c_215_290/o_logo-netflix-n.png_5_se/pictures/17/09/20/09/44/3054868.jpg', NULL, 0, 'mkv', 1, '0000-00-00 00:00:00', 4),
(217, 'Blade Runner 2049', '2017-10-04', 'http://t0.gstatic.com/images?q=tbn:ANd9GcR4T2DSZLl0J7Oz7UdQjxpK7oKqe-sdnSJZ3UgL6WVhW9fslQ8s', NULL, 0, 'mkv', 1, '0000-00-00 00:00:00', 1),
(218, 'Blanche Neige et le Chasseur', '2012-06-11', 'http://fr.web.img6.acsta.net/medias/nmedia/18/85/34/52/20089538.jpg', NULL, 1, 'avi', 1, '0000-00-00 00:00:00', 2),
(219, 'Blast City Under Siege', '2011-06-15', 'http://fr.web.img2.acsta.net/c_215_290/pictures/14/01/08/12/57/064963.jpg', NULL, 0, 'avi', 1, '0000-00-00 00:00:00', 2),
(220, 'Blast', '2004-11-11', 'http://fr.web.img2.acsta.net/c_215_290/pictures/210/218/21021873_2013072314041124.jpg', NULL, 0, 'avi', 1, '0000-00-00 00:00:00', 2),
(221, 'Bleu d''Enfer', '0000-00-00', 'NULL', NULL, 1, 'avi', 1, '0000-00-00 00:00:00', 1),
(222, 'Blindés', '0000-00-00', 'NULL', NULL, 1, 'avi', 1, '0000-00-00 00:00:00', 1),
(223, 'Blood and Bone', '0000-00-00', 'NULL', NULL, 1, 'avi', 1, '0000-00-00 00:00:00', 2),
(224, 'Blood Diamond', '0000-00-00', 'NULL', NULL, 1, 'avi', 1, '0000-00-00 00:00:00', 1),
(225, 'Blood Father', '0000-00-00', 'NULL', NULL, 0, 'avi', 1, '0000-00-00 00:00:00', 4),
(226, 'Blood Money', '0000-00-00', 'NULL', NULL, 0, 'avi', 1, '0000-00-00 00:00:00', 2),
(227, 'Blood Of Redemption', '0000-00-00', 'NULL', NULL, 0, 'avi', 1, '0000-00-00 00:00:00', 2),
(228, 'Blood Out', '0000-00-00', 'NULL', NULL, 0, 'avi', 1, '0000-00-00 00:00:00', 4),
(229, 'Blown Away', '0000-00-00', 'NULL', NULL, 0, 'avi', 1, '0000-00-00 00:00:00', 3),
(230, 'Bob l''Eponge - Un Héros Sort de l''Eau', '0000-00-00', 'NULL', NULL, 0, 'avi', 2, '0000-00-00 00:00:00', 4),
(231, 'Bob L''éponge', '0000-00-00', 'NULL', NULL, 0, 'avi', 2, '0000-00-00 00:00:00', 1),
(232, 'Bodyguard', '0000-00-00', 'NULL', NULL, 0, 'avi', 1, '0000-00-00 00:00:00', 4),
(233, 'Bodyguards and Assassins', '0000-00-00', 'NULL', NULL, 0, 'avi', 1, '0000-00-00 00:00:00', 3),
(234, 'Bon à Tirer', '0000-00-00', 'NULL', NULL, 0, 'avi', 1, '0000-00-00 00:00:00', 4),
(235, 'Bon Baiser de Bruges', '2008-06-25', 'http://fr.web.img6.acsta.net/medias/nmedia/18/65/57/31/18938156.jpg', NULL, 0, 'avi', 1, '0000-00-00 00:00:00', 3),
(236, 'Bon Baisers de Russie', '1964-07-30', 'http://fr.web.img3.acsta.net/medias/nmedia/18/63/70/93/18990720.jpg', NULL, 1, 'avi', 1, '0000-00-00 00:00:00', 1),
(237, 'Bon Cop Bad Cop 2', '2017-05-12', 'https://superclub.videotron.com/media/catalog/product/cache/image/500x711/e9c3970ab036de70892d86c6d221abfe/b/o/boncopbadcop2.jpg', NULL, 0, 'mkv', 1, '0000-00-00 00:00:00', 1),
(238, 'Bon Cop Bad Cop', '2006-08-04', 'https://img7.cdn.cinoche.com/images/e9a42efbf6ee04206b14a5aa1364d825.jpg', NULL, 0, 'avi', 1, '0000-00-00 00:00:00', 1),
(239, 'Bonne A Tirer', '2011-04-27', 'http://fr.web.img6.acsta.net/c_215_290/medias/nmedia/18/83/44/50/19691443.jpg', NULL, 0, 'avi', 1, '0000-00-00 00:00:00', 3),
(240, 'Borat', '2006-11-15', 'http://fr.web.img6.acsta.net/medias/nmedia/18/36/29/57/18682308.jpg', NULL, 1, 'avi', 1, '0000-00-00 00:00:00', 3),
(241, 'Bounty Killer', '2013-09-06', 'https://upload.wikimedia.org/wikipedia/en/f/ff/BountyKiller2013.jpg', NULL, 1, 'avi', 1, '0000-00-00 00:00:00', 4),
(242, 'Bowling For Columbine', '2002-11-21', 'http://fr.web.img3.acsta.net/c_215_290/medias/nmedia/00/02/45/18/affiche2.jpg', NULL, 0, 'AVI', 1, '0000-00-00 00:00:00', 1),
(243, 'Boxers', '2007-08-30', 'https://www.ecranlarge.com/uploads/image/000/340/original-293487-182.jpg', NULL, 0, 'avi', 1, '0000-00-00 00:00:00', 3),
(244, 'Boy A', '2009-02-25', 'http://t0.gstatic.com/images?q=tbn:ANd9GcSCAMwfNQUi-nIlICBCII-sMcwkhaVkIbv6XE2Eau7WkIkHdaTs', NULL, 0, 'avi', 1, '0000-00-00 00:00:00', 4),
(245, 'Braquage à l''Ancienne', '2017-03-30', 'http://t0.gstatic.com/images?q=tbn:ANd9GcSJr5Vm13X2u0VZgQmYZdLOjUhpza32sn3jOG3RJlLa_03KDAHn', NULL, 0, 'avi', 1, '0000-00-00 00:00:00', 1),
(246, 'Braquage à l''Anglaise', '2008-08-06', 'http://fr.web.img6.acsta.net/medias/nmedia/18/65/14/28/18960015.jpg', NULL, 0, 'avi', 1, '0000-00-00 00:00:00', 1),
(247, 'Braquage a l''Italienne', '2003-09-17', 'http://canalplay-media.canal-plus.com/movies/37724/pictures/37724_pivot_large.jpg', NULL, 1, 'avi', 1, '0000-00-00 00:00:00', 1),
(248, 'Braqueurs Amateurs', '2005-12-21', 'http://fr.web.img6.acsta.net/c_215_290/medias/nmedia/18/35/62/39/18470756.jpg', NULL, 1, 'avi', 1, '0000-00-00 00:00:00', 1),
(249, 'Braveheart', '1995-10-04', 'http://fr.web.img4.acsta.net/medias/nmedia/18/73/51/89/19209164.jpg', NULL, 1, 'avi', 1, '0000-00-00 00:00:00', 1),
(250, 'Brice 3', '2016-09-23', 'http://fr.web.img4.acsta.net/c_215_290/pictures/16/09/15/14/27/311084.jpg', NULL, 1, 'avi', 1, '0000-00-00 00:00:00', 4),
(251, 'Brisby et le Secret de NIMH', '1982-12-08', 'http://t0.gstatic.com/images?q=tbn:ANd9GcQuoRdFfKtLFJaH8wmqEm9CNRGhFu_-9xy_DornADhx_PvQ4kxb', NULL, 1, 'mkv', 3, '0000-00-00 00:00:00', 1),
(252, 'Broken City', '2013-03-15', 'https://www.ecranlarge.com/uploads/image/000/608/original-638951-860.jpg', NULL, 0, 'avi', 1, '0000-00-00 00:00:00', 2),
(253, 'Brothers', '2010-02-03', 'http://fr.web.img3.acsta.net/medias/nmedia/18/73/39/48/19210179.jpg', NULL, 0, 'avi', 1, '0000-00-00 00:00:00', 3),
(254, 'Bruce Tout Puissant', '2003-09-03', 'https://www.cineserie.com/wp-content/uploads/2003/09/91647-4.jpg', NULL, 1, 'avi', 1, '0000-00-00 00:00:00', 1),
(255, 'Bumrush', '2011-04-01', 'https://img4.cdn.cinoche.com/images/f541117bee36f9652ae5a46eb366d88a.jpg', NULL, 0, 'avi', 1, '0000-00-00 00:00:00', 2),
(256, 'Burn After Reading', '2008-12-10', 'http://fr.web.img6.acsta.net/medias/nmedia/18/65/71/80/18991610.jpg', NULL, 0, 'avi', 1, '0000-00-00 00:00:00', 1),
(257, 'Bus 657', '2015-11-12', 'http://fr.web.img2.acsta.net/c_215_290/pictures/15/12/08/08/58/356812.jpg', NULL, 0, 'avi', 1, '0000-00-00 00:00:00', 4),
(258, 'Cadavres à la Pelle', '2011-08-31', 'http://fr.web.img6.acsta.net/medias/nmedia/18/83/79/85/19708518.jpg', NULL, 0, 'avi', 1, '0000-00-00 00:00:00', 2),
(259, 'Camping 3', '2016-06-29', 'http://t3.gstatic.com/images?q=tbn:ANd9GcRnyqcd0a_5wz6fo54joXW2owSIPQRq_Igi65AM7DTxi6lu0792', NULL, 0, 'avi', 1, '0000-00-00 00:00:00', 4),
(260, 'Camping', '2006-04-26', 'http://fr.web.img2.acsta.net/medias/nmedia/18/36/09/10/18603110.jpg', NULL, 1, 'avi', 1, '0000-00-00 00:00:00', 1),
(261, 'Capitaine Phillips', '2013-11-20', 'http://t2.gstatic.com/images?q=tbn:ANd9GcTzTPe_iT7fXz5Wzuo6Q6RHNKxgypan1E4_l03m73pwrbszxDf8', NULL, 0, 'avi', 1, '0000-00-00 00:00:00', 2),
(262, 'Captain America - Civil War', '2016-04-18', 'http://t3.gstatic.com/images?q=tbn:ANd9GcSK_85wEean90m2dSiJNyAcIkXwMGwq5iJ4fv4rphFmuyW01GhR', NULL, 1, 'avi', 1, '0000-00-00 00:00:00', 4),
(263, 'Captain America  First Avenger', '2011-08-17', 'http://img.phimvtv.com/film/12173/ke-bao-thu-dau-tien.poster.jpg', NULL, 1, 'avi', 1, '0000-00-00 00:00:00', 3),
(264, 'Captain America 2 - Le Soldat de l''Hiver', '2014-03-26', 'http://fr.web.img6.acsta.net/pictures/14/01/31/17/06/486036.jpg', NULL, 1, 'avi', 1, '0000-00-00 00:00:00', 4),
(265, 'Cars 3', '2017-08-02', 'http://t3.gstatic.com/images?q=tbn:ANd9GcQuVGIgc_gyzhwZPddRwLD2HEIT1MTJEzDxaCWR2e876aHuGFyj', NULL, 1, 'avi', 2, '0000-00-00 00:00:00', 1),
(266, 'Cars', '2006-06-14', 'http://t2.gstatic.com/images?q=tbn:ANd9GcTQjsLvJFbOxp4aSkpeTWAsa9J_BLTLRa5xX63M-n266daAGzO8', NULL, 1, 'avi', 2, '0000-00-00 00:00:00', 1),
(267, 'Carton Rouge', '2001-12-26', 'http://fr.web.img6.acsta.net/c_215_290/medias/nmedia/00/02/46/10/aff_carton-rouge.jpg', NULL, 0, 'avi', 1, '0000-00-00 00:00:00', 4),
(268, 'Cash', '2008-01-01', 'http://fr.web.img5.acsta.net/c_215_290/medias/nmedia/18/64/53/28/18943501.jpg', NULL, 1, 'avi', 1, '0000-00-00 00:00:00', 1),
(269, 'Casino Royale', '2006-11-14', 'https://static.posters.cz/image/750/poster/james-bond-007-casino-royal-empire-i9048.jpg', NULL, 1, 'avi', 1, '0000-00-00 00:00:00', 1),
(270, 'Casper', '1995-05-26', 'https://images-na.ssl-images-amazon.com/images/I/71QInfg9JCL._SY445_.jpg', NULL, 0, 'avi', 1, '0000-00-00 00:00:00', 3),
(271, 'Cavalcade', '2005-01-01', 'https://m.media-amazon.com/images/M/MV5BMjE1MTM0NTAxNl5BMl5BanBnXkFtZTcwNzg2MTIzMg@@._V1_UY268_CR5,0,182,268_AL_.jpg', NULL, 0, 'avi', 1, '0000-00-00 00:00:00', 4),
(272, 'Ce que Veulent les Femmes', '2001-02-14', 'http://www.linternaute.com/cinema/image_cache/objdbfilm/image/540/34421.jpg', NULL, 1, 'avi', 1, '0000-00-00 00:00:00', 1),
(273, 'Ce Soir Je Dors Chez Toi', '0000-00-00', 'NULL', NULL, 0, 'avi', 1, '0000-00-00 00:00:00', 4),
(274, 'Cellular', '0000-00-00', 'NULL', NULL, 0, 'mkv', 1, '0000-00-00 00:00:00', 1),
(275, 'Cendrillon et le Prince pas trop Charmant', '0000-00-00', 'NULL', NULL, 1, 'mp4', 2, '0000-00-00 00:00:00', 2),
(276, 'Centurion', '0000-00-00', 'NULL', NULL, 0, 'avi', 1, '0000-00-00 00:00:00', 2),
(277, 'C''est Beau la Vie Quand On y Pense', '2017-04-05', 'http://t3.gstatic.com/images?q=tbn:ANd9GcQLATle1Zqh5qTsCoJOyGFLnDWEZVYwz96PMHO9bzMlV7PfpBUL', NULL, 0, 'avi', 1, '0000-00-00 00:00:00', 4),
(278, 'C''Est la Fin', '2013-06-03', 'https://www.avoir-alire.com/IMG/arton24449.jpg', NULL, 0, 'avi', 1, '0000-00-00 00:00:00', 4),
(279, 'Chaos', '2006-05-30', 'https://canalhollywood.pt/wp-content/uploads/posters/images/hollywoodpt/poster/164701.jpg', NULL, 1, 'avi', 1, '0000-00-00 00:00:00', 1),
(280, 'Chappie', '2015-03-04', 'http://t3.gstatic.com/images?q=tbn:ANd9GcS1HIJXDFBH6nssb1qDjiaZUC6BMh5dtftvuKM0nrwQRBlTtcu5', NULL, 0, 'avi', 1, '0000-00-00 00:00:00', 2),
(281, 'Charlie Et La Chocolaterie', '2005-07-13', 'https://images-na.ssl-images-amazon.com/images/I/51YbhPMWPYL._SY445_.jpg', NULL, 1, 'avi', 1, '0000-00-00 00:00:00', 1),
(282, 'Charlie les Femmes lui Disent Merci', '2007-12-26', 'https://i2.cdscdn.com/pdt2/9/9/2/1/550x550/8712609669992/rw/dvd-charlie-les-filles-lui-dis.jpg', NULL, 1, 'avi', 1, '0000-00-00 00:00:00', 1),
(283, 'Charlie Mortdecai', '2015-01-22', 'http://fr.web.img5.acsta.net/pictures/15/01/09/18/01/101153.jpg', NULL, 0, 'avi', 1, '0000-00-00 00:00:00', 4),
(284, 'Chasse à l''Homme 2', '2016-10-06', 'https://www.horreur.net/sites/default/files/styles/principale/public/upload/chasse_a_lhomme_2.jpg?itok=OFUzy8M5', NULL, 0, 'avi', 1, '0000-00-00 00:00:00', 4),
(285, 'Chasse a l''Homme', '1993-11-17', 'http://fr.web.img2.acsta.net/medias/nmedia/18/36/08/66/19621144.jpg', NULL, 0, 'avi', 1, '0000-00-00 00:00:00', 4),
(286, 'Chasseurs de Dragons', '2008-03-26', 'http://fr.web.img4.acsta.net/c_215_290/medias/nmedia/18/63/78/82/18912162.jpg', NULL, 1, 'avi', 2, '0000-00-00 00:00:00', 1),
(287, 'Chasseurs de Primes', '2010-03-17', 'http://fr.web.img2.acsta.net/c_215_290/medias/nmedia/18/73/71/76/19247635.jpg', NULL, 0, 'avi', 1, '0000-00-00 00:00:00', 1),
(288, 'Chevalier', '2001-11-14', 'http://fr.web.img6.acsta.net/medias/nmedia/00/02/30/87/achev.jpg', NULL, 1, 'avi', 1, '0000-00-00 00:00:00', 1),
(289, 'Chicken Little', '2005-11-23', 'https://lumiere-a.akamaihd.net/v1/images/open-uri20150422-12561-19l35dh_b44edd2e.jpeg?region=0%2C0%2C1000%2C1500&quality=8', NULL, 0, 'avi', 2, '0000-00-00 00:00:00', 3),
(290, 'Chicken Run', '2000-12-13', 'http://t3.gstatic.com/images?q=tbn:ANd9GcRX1xq5J71O7EZ3D6Wr59SIBzvaCFXTw36IQSSOcLrjqG2l98fK', NULL, 1, 'AVI', 2, '0000-00-00 00:00:00', 4),
(291, 'Cigognes et Compagnie', '2016-10-12', 'http://t3.gstatic.com/images?q=tbn:ANd9GcSIrcqjcG4Iwv29wSuopBPBn2wVMHZLrY_Yl_lGv-4KbqG8Ii1G', NULL, 1, 'mkv', 2, '0000-00-00 00:00:00', 4),
(292, 'Cinéman', '2009-10-28', 'https://medias.unifrance.org/medias/203/158/40651/format_affiche/cineman.jpg', NULL, 0, 'avi', 1, '0000-00-00 00:00:00', 2),
(293, 'Clan of Violence', '2017-02-02', 'https://www.avoir-alire.com/IMG/arton34705.jpg', NULL, 0, 'avi', 1, '0000-00-00 00:00:00', 4),
(294, 'Clash of Empires', '2011-03-10', 'https://images-na.ssl-images-amazon.com/images/I/9107lGiaa%2BL._SL1500_.jpg', NULL, 0, 'avi', 1, '0000-00-00 00:00:00', 2),
(295, 'Clash', '2017-10-19', 'http://t3.gstatic.com/images?q=tbn:ANd9GcRkOvq_5nuYOgWg7p84dVzGk7n2xYLoMr7X17COwOGd2IH70qfY', NULL, 0, 'avi', 1, '0000-00-00 00:00:00', 3),
(296, 'Click, Télécommandez Votre Vie', '2006-10-04', 'http://fr.web.img2.acsta.net/medias/nmedia/18/36/26/58/18661014.jpg', NULL, 1, 'avi', 1, '0000-00-00 00:00:00', 3),
(297, 'Clone War 1', '0000-00-00', 'NULL', NULL, 0, 'avi', 3, '0000-00-00 00:00:00', 1),
(298, 'Clone War 2', '0000-00-00', 'NULL', NULL, 0, 'avi', 3, '0000-00-00 00:00:00', 1),
(299, 'Clones', '0000-00-00', 'NULL', NULL, 1, 'avi', 1, '0000-00-00 00:00:00', 1),
(300, 'Close Range', '0000-00-00', 'NULL', NULL, 0, 'avi', 1, '0000-00-00 00:00:00', 4),
(301, 'Coast Guards', '0000-00-00', 'NULL', NULL, 0, 'avi', 1, '0000-00-00 00:00:00', 1),
(302, 'Cobra', '1986-05-26', 'https://www.bibdsl.co.uk/w10-images/l/mm00059630.jpg', NULL, 0, 'avi', 1, '0000-00-00 00:00:00', 1),
(303, 'Coco', '2009-03-18', 'http://fr.web.img6.acsta.net/medias/nmedia/18/67/06/13/19041074.jpg', NULL, 1, 'avi', 1, '0000-00-00 00:00:00', 3),
(304, 'Code Mercury', '1988-04-03', 'https://www.manga-sanctuary.com/v10_good/public/img/objet/origin/81595.jpg', NULL, 1, 'avi', 1, '0000-00-00 00:00:00', 1),
(305, 'Code Name The Cleaner', '2007-01-05', 'https://images-na.ssl-images-amazon.com/images/I/519SkXU1y9L._SY450_.jpg', NULL, 0, 'avi', 1, '0000-00-00 00:00:00', 3),
(306, 'Coeur D''encre', '2009-01-28', 'http://fr.web.img6.acsta.net/c_215_290/medias/nmedia/18/65/60/87/19025972.jpg', NULL, 1, 'avi', 1, '0000-00-00 00:00:00', 3),
(307, 'Cold Comes The Night', '2013-09-20', 'http://fr.web.img5.acsta.net/pictures/210/228/21022841_20131128091422165.jpg', NULL, 0, 'avi', 1, '0000-00-00 00:00:00', 2),
(308, 'Collateral', '2004-08-06', 'http://fr.web.img6.acsta.net/medias/nmedia/18/35/24/27/18388163.jpg', NULL, 1, 'mp4', 1, '0000-00-00 00:00:00', 1),
(309, 'Colombiana', '2011-07-27', 'https://cloud10.todocoleccion.online/cine-peliculas-dvd/tc/2017/09/28/00/98990015.jpg', NULL, 0, 'avi', 1, '0000-00-00 00:00:00', 2),
(310, 'Colt 45', '2014-08-06', 'http://img.filmsactu.net/datas/films/c/o/colt-45/xl/colt-45-affiche-519b81bce9678.jpg', NULL, 0, 'avi', 1, '0000-00-00 00:00:00', 4),
(311, 'Comancheria', '2016-09-07', 'http://t0.gstatic.com/images?q=tbn:ANd9GcRLlXZhcbssmItcet0MPjqsBy5N34dTfYNrlOnXNkgm8TM8vlBk', NULL, 0, 'avi', 1, '0000-00-00 00:00:00', 1),
(312, 'Combat de Profs', '2017-02-13', 'http://www.gstatic.com/tv/thumb/v22vodart/13166297/p13166297_v_v8_aa.jpg', NULL, 0, 'mkv', 1, '0000-00-00 00:00:00', 4),
(313, 'Commando d''Elite', '2009-11-03', 'http://www.toxiccrypt.fr/wp-content/uploads/2016/07/commandposter.jpg', NULL, 0, 'avi', 1, '0000-00-00 00:00:00', 2),
(314, 'Commando', '1986-02-05', 'https://images-na.ssl-images-amazon.com/images/I/71A9FHT05GL._SY445_.gif', NULL, 1, 'avi', 1, '0000-00-00 00:00:00', 4),
(315, 'Commandos de l''Ombre', '2010-04-15', 'https://media.senscritique.com/media/000005759005/source_big/Les_Commandos_de_l_ombre.jpg', NULL, 0, 'avi', 1, '0000-00-00 00:00:00', 2),
(316, 'Comme des Bêtes', '2016-06-16', 'http://t1.gstatic.com/images?q=tbn:ANd9GcTwHBv2yXTGVlzNuuSTDogZHANVTEo2hEvGY5KdRWXxVuwe0UXh', NULL, 1, 'avi', 2, '0000-00-00 00:00:00', 4),
(317, 'Comme un Oiseau sur la Branche', '1990-09-29', 'https://static.fnac-static.com/multimedia/images_produits/ZoomPE/7/3/7/3700173217737/tsp20130828141933/Comme-un-oiseau-sur-la-branche.jpg', NULL, 0, 'avi', 1, '0000-00-00 00:00:00', 4),
(318, 'Comment Tuer Son Boss 2', '2014-11-12', 'http://fr.web.img6.acsta.net/pictures/14/10/24/11/38/107912.jpg', NULL, 1, 'avi', 1, '0000-00-00 00:00:00', 4),
(319, 'Comment Tuer son Boss', '2011-08-17', 'http://fr.web.img2.acsta.net/medias/nmedia/18/82/26/25/19757081.jpg', NULL, 1, 'avi', 1, '0000-00-00 00:00:00', 3),
(320, 'COMPLOTS', '1997-08-08', 'http://img.over-blog-kiwi.com/0/58/03/68/20140523/ob_c63b6b_complots.jpg', NULL, 1, 'avi', 1, '0000-00-00 00:00:00', 1),
(321, 'Conan Le Barbare (Shwarzy)', '1982-04-02', 'https://i.skyrock.net/4411/47464411/pics/3272159884_1_2_5dJuNbjo.jpg', NULL, 1, 'AVI', 1, '0000-00-00 00:00:00', 2),
(322, 'Conan le Barbare', '2011-08-11', 'https://www.ecranlarge.com/uploads/image/000/558/original-566521-041.jpg', NULL, 1, 'avi', 1, '0000-00-00 00:00:00', 2),
(323, 'Conan Le Destructeur (Shwarzy)', '1984-06-29', 'https://encrypted-tbn0.gstatic.com/images?q=tbn:ANd9GcShBFQHeT_3UfneH5lyL9J4Yh2gYb9XMNdMeitOnh3tZQ1RY6sn', NULL, 1, 'avi', 1, '0000-00-00 00:00:00', 2),
(324, 'Confession d''une Accro au Shopping', '2009-02-12', 'http://fr.web.img4.acsta.net/medias/nmedia/18/67/65/78/19067933.jpg', NULL, 0, 'avi', 1, '0000-00-00 00:00:00', 1),
(325, 'Conspiracy', '0000-00-00', 'NULL', NULL, 0, 'avi', 1, '0000-00-00 00:00:00', 2),
(326, 'Constantine', '0000-00-00', 'NULL', NULL, 1, 'avi', 1, '0000-00-00 00:00:00', 1),
(327, 'Contractor', '0000-00-00', 'NULL', NULL, 1, 'avi', 1, '0000-00-00 00:00:00', 1),
(328, 'Contrebande', '0000-00-00', 'NULL', NULL, 0, 'avi', 1, '0000-00-00 00:00:00', 4),
(329, 'Copains Pour Toujours 2', '0000-00-00', 'NULL', NULL, 1, 'avi', 1, '0000-00-00 00:00:00', 4),
(330, 'Copains Pour Toujours', '0000-00-00', 'NULL', NULL, 1, 'avi', 1, '0000-00-00 00:00:00', 3),
(331, 'Cops - Les Forces du Désordre', '0000-00-00', 'NULL', NULL, 1, 'avi', 1, '0000-00-00 00:00:00', 3),
(332, 'Coraline', '2009-06-10', 'https://images-na.ssl-images-amazon.com/images/I/5183meSwNKL._SY445_.jpg', NULL, 0, 'avi', 2, '0000-00-00 00:00:00', 1),
(333, 'Cougar Club', '2011-01-04', 'https://www.ecranlarge.com/uploads/image/000/514/original-506521-265.jpg', NULL, 0, 'avi', 1, '0000-00-00 00:00:00', 2),
(334, 'Couvre-Feu', '1998-11-06', 'http://fr.web.img5.acsta.net/c_215_290/medias/04/05/20/040520_af.jpg', NULL, 0, 'avi', 1, '0000-00-00 00:00:00', 1),
(335, 'Cowboys et Envahisseurs', '2011-08-24', 'http://fr.web.img3.acsta.net/medias/nmedia/18/82/01/69/19788140.jpg', NULL, 1, 'avi', 1, '0000-00-00 00:00:00', 3),
(336, 'Crazy Amy', '2015-11-18', 'https://1645110239.rsc.cdn77.org/image/f330x470/q50/mm/befr/movies14537/posters/crazy-amy.20170227042308.jpg', NULL, 0, 'avi', 1, '0000-00-00 00:00:00', 4),
(337, 'Crazy Dad', '2012-08-29', 'http://fr.web.img4.acsta.net/medias/nmedia/18/89/65/30/20147947.jpg', NULL, 1, 'avi', 1, '0000-00-00 00:00:00', 4),
(338, 'Crazy Joe', '2013-07-10', 'http://fr.web.img5.acsta.net/c_215_290/pictures/210/021/21002120_20130429160128887.jpg', NULL, 1, 'avi', 1, '0000-00-00 00:00:00', 2),
(339, 'Crazy Kung-Fu', '2005-06-08', 'http://fr.web.img6.acsta.net/c_215_290/medias/nmedia/18/35/40/27/18424810.jpg', NULL, 1, 'avi', 1, '0000-00-00 00:00:00', 3),
(340, 'Crazy Night', '2010-04-06', 'http://fr.web.img5.acsta.net/c_215_290/medias/nmedia/18/72/76/52/19408992.jpg', NULL, 1, 'avi', 1, '0000-00-00 00:00:00', 1),
(341, 'Crazy Stupid Love', '2011-09-14', 'http://t1.gstatic.com/images?q=tbn:ANd9GcT7hj8yNewzbOC9TO_Bq1Nef4OG7ZY4mmItaUmV8ahjeDyQAdTC', NULL, 0, 'avi', 1, '0000-00-00 00:00:00', 1),
(342, 'Criminal - Un Espion dans la Tête', '2016-05-04', 'http://fr.web.img6.acsta.net/c_215_290/pictures/16/03/29/15/40/210787.jpg', NULL, 0, 'avi', 1, '0000-00-00 00:00:00', 4),
(343, 'Crocodile Dundee 2', '1988-05-20', 'https://media.senscritique.com/media/000012659599/source_big/Crocodile_Dundee_II.jpg', NULL, 1, 'avi', 1, '0000-00-00 00:00:00', 1);
INSERT INTO `films` (`id_film`, `titre`, `annee_sortie`, `jaquette`, `lien_allocine`, `est_vu`, `extension`, `id_type`, `date_c`, `id_ddur`) VALUES
(344, 'Crocodile Dundee', '1987-02-04', 'https://upload.wikimedia.org/wikipedia/en/thumb/a/a6/Crocodile_Dundee_original_Australian_New_Zealand_poster.jpg/220px-Crocodile_Dundee_original_Australian_New_Zealand_poster.jpg', NULL, 1, 'avi', 1, '0000-00-00 00:00:00', 1),
(345, 'Cross Wars', '2017-02-07', 'https://www.horreur.net/sites/default/files/styles/principale/public/upload/cross-wars-dvd-723x1024.jpg?itok=2hqBpXW-', NULL, 0, 'avi', 1, '0000-00-00 00:00:00', 1),
(346, 'Crows Zero 2', '2009-04-11', 'https://www.screenmania.fr/wp-content/uploads/2009/04/Crows-Zero-2-poster-790x1118.jpg', NULL, 1, 'avi', 1, '0000-00-00 00:00:00', 4),
(347, 'Crows Zero', '2007-10-27', 'http://www.cityonfire.com/wp-content/uploads/2011/04/poster.jpg', NULL, 1, 'avi', 1, '0000-00-00 00:00:00', 4),
(348, 'Cyprien', '2009-01-21', 'http://fr.web.img4.acsta.net/medias/nmedia/18/68/54/71/19033828.jpg', NULL, 0, 'avi', 1, '0000-00-00 00:00:00', 1),
(349, 'Cyrano de Bergerac', '1990-03-28', 'https://affif-sitepublic-media-prod.s3.amazonaws.com/film_poster/0001/37/thumb_36602_film_poster_293x397.jpeg', NULL, 0, 'avi', 1, '0000-00-00 00:00:00', 3),
(350, 'Da Vinci Code', '2006-05-18', 'http://fr.web.img6.acsta.net/medias/nmedia/18/36/20/56/18613332.jpg', NULL, 1, 'avi', 1, '0000-00-00 00:00:00', 1),
(351, 'Daddy''s Home', '2015-12-09', 'https://images-na.ssl-images-amazon.com/images/I/81fyX4a3dML._RI_.jpg', NULL, 0, 'avi', 1, '0000-00-00 00:00:00', 4),
(352, 'Daft Punk-Interstella 5555', '2003-05-28', 'https://www.levykauppax.fi/cover/normal/2/28/287813.jpg?dvd', NULL, 1, 'avi', 3, '0000-00-00 00:00:00', 1),
(353, 'Damage', '2009-01-01', 'http://fr.web.img5.acsta.net/c_215_290/medias/nmedia/18/94/85/88/20361533.jpg', NULL, 1, 'avi', 1, '0000-00-00 00:00:00', 3),
(354, 'Danger Immédiat', '1994-08-03', 'http://img.filmsactu.net/datas/films/d/a/danger-immediat/xl/46f86db591cd3.jpg', NULL, 0, 'avi', 1, '0000-00-00 00:00:00', 1),
(355, 'Dangereuse Séduction', '2007-04-11', 'http://fr.web.img6.acsta.net/c_215_290/medias/nmedia/18/60/11/71/18750977.jpg', NULL, 0, 'avi', 1, '0000-00-00 00:00:00', 3),
(356, 'Danny The Dog', '2005-05-13', 'http://fr.web.img6.acsta.net/medias/nmedia/18/35/50/74/18401024.jpg', NULL, 1, 'avi', 1, '0000-00-00 00:00:00', 1),
(357, 'Danse Avec les Loups', '1990-10-19', 'http://fr.web.img5.acsta.net/medias/nmedia/18/83/23/81/19672460.jpg', NULL, 0, 'avi', 1, '0000-00-00 00:00:00', 1),
(358, 'Dany Boon - En parfait état', '1992-01-01', 'https://images-na.ssl-images-amazon.com/images/I/51KV6QZG3RL._SY445_.jpg', NULL, 0, 'avi', 1, '0000-00-00 00:00:00', 3),
(359, 'Dany Boon - Waika', '2005-01-01', 'https://www.dvdfr.com/images/dvd/covers/200x280/5703dcbf7044eb8de36e278a28bc7a9d/28306/old-boon_dany_waika.0.jpg', NULL, 1, 'avi', 1, '0000-00-00 00:00:00', 1),
(360, 'Daredevil', '2003-02-14', 'http://de.web.img2.acsta.net/c_215_290/medias/nmedia/18/63/51/91/19288936.jpg', NULL, 1, 'avi', 1, '0000-00-00 00:00:00', 3),
(361, 'Dark Angel', '1990-01-26', 'https://images-na.ssl-images-amazon.com/images/I/51lGCRjf1rL.jpg', NULL, 0, 'avi', 1, '0000-00-00 00:00:00', 2),
(362, 'Dark Shadows', '2012-05-09', 'http://t3.gstatic.com/images?q=tbn:ANd9GcTAMkYLgzSIVSUZKN3YkWIHyI_I-HqZSMVQACIMmIrc3DFrOBOC', NULL, 1, 'avi', 1, '0000-00-00 00:00:00', 4),
(363, 'Darkman I', '1990-01-01', 'https://m.media-amazon.com/images/M/MV5BMTc5MzUxMjk4NF5BMl5BanBnXkFtZTgwNTEzNDk4NjE@._V1_.jpg', NULL, 0, 'avi', 1, '0000-00-00 00:00:00', 4),
(364, 'DarkRelic', '2010-03-27', 'http://fr.web.img2.acsta.net/c_215_290/medias/nmedia/18/96/15/49/20450344.jpg', NULL, 0, 'avi', 1, '0000-00-00 00:00:00', 2),
(365, 'Date Limite', '2010-11-04', 'http://img.filmsactu.net/datas/films/d/a/date-limite/xl/4cc58931e0821.jpg', NULL, 1, 'avi', 1, '0000-00-00 00:00:00', 3),
(366, 'Daylight', '1996-12-06', 'http://fr.web.img6.acsta.net/pictures/754/75445_20130730151600595.jpg', NULL, 0, 'avi', 1, '0000-00-00 00:00:00', 3),
(367, 'DBZ 14 - Battle of Gods', '2013-01-01', 'https://www.virginmegastore.ae/medias/sys_master/root/h14/hbe/9096044937246/-Z-335622-Detail.jpg', NULL, 1, 'avi', 3, '0000-00-00 00:00:00', 1),
(368, 'DBZ 15 - La Résurection de Freezer', '2015-01-01', 'https://images-na.ssl-images-amazon.com/images/I/81PfYMxZDXL.jpg', NULL, 1, 'mkv', 3, '0000-00-00 00:00:00', 4),
(369, 'De l''Autre Côté du Lit', '2008-01-07', 'http://fr.web.img3.acsta.net/c_215_290/medias/nmedia/18/67/66/17/19020066.jpg', NULL, 1, 'avi', 1, '0000-00-00 00:00:00', 1),
(370, 'De l''Autre Coté du Periph', '2012-12-19', 'http://fr.web.img6.acsta.net/medias/nmedia/18/93/62/44/20268136.jpg', NULL, 1, 'avi', 1, '0000-00-00 00:00:00', 2),
(371, 'De l''eau pour les Eléphants', '2011-05-04', 'http://t3.gstatic.com/images?q=tbn:ANd9GcS-18mEpL382SRyQ-egKWVm3nAZsGBQ67JvxW0z4RpnL6-toeLW', NULL, 0, 'avi', 1, '0000-00-00 00:00:00', 2),
(372, 'De L''Ombre a La Lumière', '2005-06-03', 'http://fr.web.img4.acsta.net/medias/nmedia/18/35/51/49/18441509.jpg', NULL, 0, 'avi', 1, '0000-00-00 00:00:00', 2),
(373, 'De Rouille et d''Os', '2012-05-17', 'http://t2.gstatic.com/images?q=tbn:ANd9GcRWmnwl9J0DWn1w8a_U8gwpy_OXWOkPesCoAEWozlHhIbawccrZ', NULL, 0, 'avi', 1, '0000-00-00 00:00:00', 4),
(374, 'Dead in Tombstone', '2013-10-01', 'https://img.libertyvf.com/movies/dead-in-tombstone-90582.jpg?v=39', NULL, 1, 'avi', 1, '0000-00-00 00:00:00', 1),
(375, 'Dead Man Down', '2013-04-04', 'http://t3.gstatic.com/images?q=tbn:ANd9GcRQYDfDoi-r45-Z_1jdz1a-BO-hwiOeKzgCXOWHRENnS_yH_Ocm', NULL, 0, 'avi', 1, '0000-00-00 00:00:00', 4),
(376, 'Dead Snow', '2009-01-09', 'https://images-na.ssl-images-amazon.com/images/I/81FmtKpKbFL._SL1500_.jpg', NULL, 1, 'avi', 1, '0000-00-00 00:00:00', 3),
(377, 'Deadly Impact', '2009-10-31', 'http://photo.elcinema.com.s3.amazonaws.com/uploads/_315x420_9afb11f0b6251d5128c5449ae0bcaa166d16100192c35aca6956904caa27a900.jpg', NULL, 0, 'avi', 1, '0000-00-00 00:00:00', 2),
(378, 'Deadpool', '2016-02-10', 'http://t2.gstatic.com/images?q=tbn:ANd9GcT_GDz-2Xb-Z8XubX6Q_SXlNnS_KRQ78cfTlpQCI6DtH_bEtjwd', NULL, 1, 'avi', 1, '0000-00-00 00:00:00', 4),
(379, 'Death Race 2', '2010-12-27', 'http://fr.web.img3.acsta.net/pictures/14/08/21/11/50/004170.jpg', NULL, 1, 'avi', 1, '0000-00-00 00:00:00', 2),
(380, 'Death Race 3 - Inferno', '2013-01-20', 'http://www.cinedirecto.net/Images/Ima003/Death-Race-3.jpg', NULL, 1, 'avi', 1, '0000-00-00 00:00:00', 2),
(381, 'Death Race', '2008-08-22', 'http://fr.web.img4.acsta.net/medias/nmedia/18/65/69/22/18994820.jpg', NULL, 1, 'avi', 1, '0000-00-00 00:00:00', 1),
(382, 'Deep Impact', '1998-05-08', 'http://fr.web.img3.acsta.net/c_215_290/medias/nmedia/18/72/42/70/19816118.jpg', NULL, 1, 'mkv', 1, '0000-00-00 00:00:00', 4),
(383, 'Deja Vu', '2007-04-22', 'http://fr.web.img6.acsta.net/medias/nmedia/18/62/83/58/18684933.jpg', NULL, 0, 'avi', 1, '0000-00-00 00:00:00', 2),
(384, 'Delire Express', '2008-12-03', 'http://media.potemkine.fr/produit/big/0/3333297982825.jpg', NULL, 0, 'avi', 1, '0000-00-00 00:00:00', 1),
(385, 'Delivery Man', '2013-11-21', 'http://fr.web.img6.acsta.net/pictures/210/556/21055652_20131107105758835.jpg', NULL, 0, 'avi', 1, '0000-00-00 00:00:00', 4),
(386, 'Demain ne Meurt Jamais', '1997-12-17', 'https://encrypted-tbn0.gstatic.com/images?q=tbn:ANd9GcSUZsxEj-I_m9StTU3Ekuli2-150PHsA0nvEGpIFeMfvFTAeA8E', NULL, 1, 'avi', 1, '0000-00-00 00:00:00', 1),
(387, 'Demain, Quand la Guerre a Commencé', '2010-08-08', 'http://fr.web.img6.acsta.net/c_280_373/medias/nmedia/18/93/83/64/20280065.jpg', NULL, 0, 'avi', 1, '0000-00-00 00:00:00', 2),
(388, 'Démineurs', '2009-09-23', 'http://fr.web.img2.acsta.net/medias/nmedia/18/70/49/71/19145564.jpg', NULL, 0, 'avi', 1, '0000-00-00 00:00:00', 4),
(389, 'Demolition Man', '1993-10-08', 'https://images-na.ssl-images-amazon.com/images/I/511JSR8J8BL._SY445_.jpg', NULL, 1, 'avi', 1, '0000-00-00 00:00:00', 3),
(390, 'Denis', '2013-05-01', 'https://media.senscritique.com/media/000006323482/240/Denis.png', NULL, 0, 'avi', 1, '0000-00-00 00:00:00', 4),
(391, 'Dérapage', '2005-11-11', 'http://fr.web.img3.acsta.net/medias/nmedia/18/36/06/06/18469621.jpg', NULL, 0, 'avi', 1, '0000-00-00 00:00:00', 1),
(392, 'Des Hommes d''Honneur', '1992-12-09', 'https://media.senscritique.com/media/000015960563/source_big/Des_hommes_d_honneur.jpg', NULL, 0, 'avi', 1, '0000-00-00 00:00:00', 4),
(393, 'Des Hommes Sans Loi', '2012-09-12', 'http://fr.web.img6.acsta.net/medias/nmedia/18/90/46/07/20182376.jpg', NULL, 0, 'avi', 1, '0000-00-00 00:00:00', 4),
(394, 'Des Serpents Dans L''Avion', '2006-08-30', 'http://fr.web.img2.acsta.net/c_215_290/medias/nmedia/18/36/02/65/18655597.jpg', NULL, 0, 'avi', 1, '0000-00-00 00:00:00', 1),
(395, 'Desert Gun', '2016-12-16', 'http://fr.web.img5.acsta.net/c_215_290/pictures/17/04/19/15/06/089876.jpg', NULL, 0, 'avi', 1, '0000-00-00 00:00:00', 1),
(396, 'Desierto', '2016-04-13', 'http://t1.gstatic.com/images?q=tbn:ANd9GcQLOyZ_mUoL7OJ_sy0qG6whElGL6gVIYOm65EOZDCHz-3EFjtjA', NULL, 0, 'avi', 1, '0000-00-00 00:00:00', 1),
(397, 'Detachment', '2012-02-01', 'http://t0.gstatic.com/images?q=tbn:ANd9GcRDxiUjceFkulTB5LyQ0-p-mzwSbCV4fhm_6-E69MUJVJP1cYeL', NULL, 0, 'avi', 1, '0000-00-00 00:00:00', 2),
(398, 'Detention Secrete', '2008-01-09', 'http://fr.web.img3.acsta.net/medias/nmedia/18/64/73/77/18837315.jpg', NULL, 0, 'avi', 1, '0000-00-00 00:00:00', 1),
(399, 'Deux Vies Plus Une', '2007-01-01', 'http://fr.web.img5.acsta.net/medias/nmedia/18/64/03/91/18804127.jpg', NULL, 0, 'avi', 1, '0000-00-00 00:00:00', 1),
(400, 'Didier', '1997-01-29', 'https://static.fnac-static.com/multimedia/images_produits/ZoomPE/9/8/1/3388334804189/tsp20130903013653/Didier.jpg', NULL, 0, 'avi', 1, '0000-00-00 00:00:00', 1),
(401, 'Die Hard 1 - Piege de Cristal', '1988-09-21', 'http://fr.web.img2.acsta.net/pictures/14/08/14/12/00/419467.jpg', NULL, 1, 'avi', 1, '0000-00-00 00:00:00', 1),
(402, 'Die Hard 2 - 58 Minutes Pour Vivre', '1990-06-29', 'http://fr.web.img3.acsta.net/medias/nmedia/18/36/04/14/19052566.jpg', NULL, 1, 'avi', 1, '0000-00-00 00:00:00', 1),
(403, 'Die Hard 3 - Une Journée En Enfer', '1995-08-02', 'http://img.over-blog-kiwi.com/0/92/63/65/20161228/ob_2abec9_die-hard-3-01.jpg', NULL, 1, 'avi', 1, '0000-00-00 00:00:00', 1),
(404, 'Die Hard 4 - Retour en Enfer', '2007-06-22', 'http://fr.web.img5.acsta.net/c_215_290/medias/nmedia/18/63/18/51/18765026.jpg', NULL, 1, 'avi', 1, '0000-00-00 00:00:00', 1),
(405, 'Die Hard 5', '2013-02-20', 'https://static.cinebel.be/img/movie/poster/full/1008707_fr_die_hard___belle_journee_pour_mourir_1359113740538.jpg', NULL, 1, 'avi', 1, '0000-00-00 00:00:00', 2),
(406, 'Dikkenek', '2006-06-21', 'http://fr.web.img6.acsta.net/medias/nmedia/18/35/87/40/18629488.jpg', NULL, 1, 'avi', 1, '0000-00-00 00:00:00', 1),
(407, 'Direct Contact', '2009-03-19', 'https://www.ecranlarge.com/uploads/image/000/459/original-436685-105.jpg', NULL, 0, 'avi', 1, '0000-00-00 00:00:00', 2),
(408, 'Dirty Dancing', '1987-12-23', 'http://t0.gstatic.com/images?q=tbn:ANd9GcQV3HvA9ra7p6GlAjRYI48_RO6MikJlHWnpu0J1dE6m1ld5Z2jV', NULL, 1, 'avi', 1, '0000-00-00 00:00:00', 3),
(409, 'Dirty Papy', '2016-02-03', 'http://t0.gstatic.com/images?q=tbn:ANd9GcStUKuiaHUs-F7i7gkJc2PGflFlSKFubBD34g3gROH22_AwEJCU', NULL, 0, 'avi', 1, '0000-00-00 00:00:00', 4),
(410, 'Disjoncté', '1996-06-14', 'http://fr.web.img5.acsta.net/c_215_290/pictures/754/75440_20130730144654704.jpg', NULL, 1, 'avi', 1, '0000-00-00 00:00:00', 2),
(411, 'District 9', '2009-09-05', 'http://fr.web.img5.acsta.net/medias/nmedia/18/70/45/12/19149593.jpg', NULL, 0, 'avi', 1, '0000-00-00 00:00:00', 1),
(412, 'Divergente', '2014-04-09', 'http://t2.gstatic.com/images?q=tbn:ANd9GcTC27vudu78glG6MoWqve8sBBh5khqeueFdYrW3zcsMYEdJjTXB', NULL, 0, 'avi', 1, '0000-00-00 00:00:00', 4),
(413, 'Django - Unchained', '2013-01-16', 'http://t0.gstatic.com/images?q=tbn:ANd9GcSaKWQt2piQJ7IwdSSMh5gp4QyiqD1ZiCRDUJwd-BKvr7Z-HbwS', NULL, 1, 'avi', 1, '0000-00-00 00:00:00', 4),
(414, 'Doctor Strange', '2016-10-26', 'http://t2.gstatic.com/images?q=tbn:ANd9GcSi4m7sOWvcLmKqkCBrbnCPwgLP1WgO8OtPY50ORA2aQNR11Bg0', NULL, 0, 'avi', 1, '0000-00-00 00:00:00', 4),
(415, 'Dodgeball', '2004-09-22', 'http://fr.web.img5.acsta.net/c_215_290/medias/nmedia/18/35/40/10/18388138.jpg', NULL, 1, 'avi', 1, '0000-00-00 00:00:00', 2),
(416, 'Dofus - Livre 1 - Julith', '2015-11-07', 'http://t1.gstatic.com/images?q=tbn:ANd9GcRgm7ZJhuZ0haOsT3WM3IHtfMck_sHWCF0Ki3PoZD8s9rege6e3', NULL, 1, 'avi', 3, '0000-00-00 00:00:00', 1),
(417, 'Dog Eat Dog', '2016-11-04', 'http://fr.web.img5.acsta.net/c_215_290/pictures/17/03/14/16/12/597313.jpg', NULL, 0, 'mkv', 1, '0000-00-00 00:00:00', 1),
(418, 'Don Jon', '2013-12-25', 'https://www.ecranlarge.com/uploads/image/000/628/original-665507-453.jpg', NULL, 0, 'avi', 1, '0000-00-00 00:00:00', 4),
(419, 'Don''t Kill It', '2017-03-03', 'https://media.senscritique.com/media/000016214589/source_big/Don_t_Kill_It.jpg', NULL, 0, 'avi', 1, '0000-00-00 00:00:00', 4),
(420, 'DOOMSDAY', '2009-03-14', 'http://fr.web.img3.acsta.net/c_215_290/medias/nmedia/18/65/70/98/18913978.jpg', NULL, 1, 'avi', 1, '0000-00-00 00:00:00', 1),
(421, 'Dos au mur', '2012-01-26', 'http://fr.web.img6.acsta.net/c_215_290/medias/nmedia/18/86/32/60/19863938.jpg', NULL, 0, 'avi', 1, '0000-00-00 00:00:00', 2),
(422, 'Double Team', '1997-04-04', 'http://www.nanarland.com/Chroniques/doubleteam/DoubleTeam.jpg', NULL, 0, 'mp4', 1, '0000-00-00 00:00:00', 2),
(423, 'Double Zero', '2004-06-16', 'http://fr.web.img2.acsta.net/medias/nmedia/18/35/28/16/18380507.jpg', NULL, 1, 'avi', 1, '0000-00-00 00:00:00', 4),
(424, 'Dracula Untold', '2014-10-01', 'https://static.lafeltrinelli.it/static/frontside/xxl/616/6216616_354285.jpg', NULL, 1, 'avi', 1, '0000-00-00 00:00:00', 3),
(425, 'Dragon - Harold et la Légende du Pickpoketos', '2010-10-14', 'http://www.rsdoublage.com/oeuvres/dessins_animes/harold_et_la_legende_du_pikpoketos.jpg', NULL, 1, 'avi', 2, '0000-00-00 00:00:00', 2),
(426, 'Dragon - Le Cadeau de la Furie Nocturne', '2011-11-15', 'https://media.senscritique.com/media/000000071119/source_big/Dragons_Le_Cadeau_du_Furie_Nocturne.jpg', NULL, 1, 'avi', 2, '0000-00-00 00:00:00', 2),
(427, 'Dragon 2', '2014-07-02', 'http://t3.gstatic.com/images?q=tbn:ANd9GcSnapwsg-l8UVqABF2u8dXuUdMDG_L_asW69j1M9HiFvFaxhXHc', NULL, 1, 'avi', 2, '0000-00-00 00:00:00', 4),
(428, 'Dragon Tiger Gate', '2006-07-27', 'http://img.filmsactu.net/datas/films/d/r/dragon-tiger-gate/xl/48411e39a1faf.jpg', NULL, 1, 'avi', 1, '0000-00-00 00:00:00', 2),
(429, 'Dragon Wars', '2007-08-01', 'https://images-na.ssl-images-amazon.com/images/I/61-1k3r9N6L._SY445_.jpg', NULL, 1, 'avi', 1, '0000-00-00 00:00:00', 4),
(430, 'Dragon', '2010-03-31', 'http://fr.web.img4.acsta.net/medias/nmedia/18/73/01/74/19343191.jpg', NULL, 1, 'avi', 2, '0000-00-00 00:00:00', 3),
(431, 'Drive', '2011-10-05', 'http://t1.gstatic.com/images?q=tbn:ANd9GcSFE7uiqZaKBelpyZxVm0emUUD7xk58GRoxjky6Yno3G4rQJs6a', NULL, 1, 'avi', 1, '0000-00-00 00:00:00', 2),
(432, 'Drone', '2017-05-26', 'http://fr.web.img2.acsta.net/c_215_290/pictures/17/04/13/14/50/215179.jpg', NULL, 0, 'avi', 1, '0000-00-00 00:00:00', 1),
(433, 'Drunken Master', '1978-10-05', 'http://zupimages.net/up/16/24/nlva.jpg', NULL, 1, 'avi', 1, '0000-00-00 00:00:00', 3),
(434, 'Du Plomb Dans la Tête', '2013-01-25', 'http://fr.web.img5.acsta.net/medias/nmedia/18/95/28/91/20440877.jpg', NULL, 1, 'avi', 1, '0000-00-00 00:00:00', 2),
(435, 'Du Sang et des Larmes', '2014-01-01', 'http://fr.web.img3.acsta.net/pictures/210/592/21059262_20131119172933967.jpg', NULL, 1, 'avi', 1, '0000-00-00 00:00:00', 4),
(436, 'Duels', '2014-05-22', 'https://encrypted-tbn0.gstatic.com/images?q=tbn:ANd9GcSe4yZIvqRQfgiOn9fkr2J2G_aPCVMEtSEadUA6P9h6EL9jSFRN', NULL, 0, 'avi', 1, '0000-00-00 00:00:00', 4),
(437, 'Dumb And Dumber To', '2014-11-12', 'http://t1.gstatic.com/images?q=tbn:ANd9GcQ4Hl84LaM-5MaDq3FfujTlKpcJ1Ib-slj0cYpACQ39YrS6njDf', NULL, 1, 'avi', 1, '0000-00-00 00:00:00', 3),
(438, 'Dumb and Dumberer', '2003-08-13', 'https://resizing.flixster.com/oIyRWw2YuSg2O8BtEDKbExJHnHk=/206x305/v1.bTsxMTIwNDc1NztqOzE3OTQ5OzEyMDA7MTUzNjsyMDQ4', NULL, 1, 'avi', 1, '0000-00-00 00:00:00', 4),
(439, 'Dumb et Dumber', '1995-06-14', 'https://media.senscritique.com/media/000005206329/source_big/Dumb_and_Dumber.jpg', NULL, 1, 'avi', 1, '0000-00-00 00:00:00', 3),
(440, 'Dunkerque', '2017-07-13', 'http://t1.gstatic.com/images?q=tbn:ANd9GcRfdGP3fKmLYkDK2x6log0Ujuui9inV36i4CMXZ6FWBWXgsmC28', NULL, 0, 'avi', 1, '0000-00-00 00:00:00', 4),
(441, 'Duo d''Escrocs', '2014-01-14', 'http://fr.web.img3.acsta.net/c_215_290/pictures/14/05/15/15/32/589669.jpg', NULL, 0, 'avi', 1, '0000-00-00 00:00:00', 4),
(442, 'Dylan Dog', '2011-03-16', 'http://de.web.img2.acsta.net/c_215_290/medias/nmedia/18/86/43/49/19847059.jpg', NULL, 1, 'avi', 1, '0000-00-00 00:00:00', 2),
(443, 'E.T', '1982-12-01', 'http://t1.gstatic.com/images?q=tbn:ANd9GcSV5O9PUahoMcrUOdrORPDRswRoQ0l1Qm1dxVo4lk9ykS4lb4Eg', 'null', 1, 'avi', 1, '0000-00-00 00:00:00', 3),
(444, 'Easy A', '2010-09-16', 'http://fr.web.img6.acsta.net/medias/nmedia/18/78/74/91/19476844.jpg', NULL, 0, 'avi', 1, '0000-00-00 00:00:00', 2),
(445, 'Echange Standard', '2011-08-05', 'http://fr.web.img6.acsta.net/medias/nmedia/18/85/37/24/19854642.jpg', NULL, 0, 'avi', 1, '0000-00-00 00:00:00', 2),
(446, 'Edge of Tomorrow', '2014-05-28', 'http://t2.gstatic.com/images?q=tbn:ANd9GcS_hHn3hA4iQ9vAXx800ncynyEg--Wv9ueAlxiuS3p2WP8XqlaB', NULL, 1, 'avi', 1, '0000-00-00 00:00:00', 3),
(447, 'Edward aux Mains d''Argent', '1991-04-10', 'http://t2.gstatic.com/images?q=tbn:ANd9GcR7mdF0zP-BDLFwNbJIaKv1kC5qkwC21FTNdybeAEaLi8ZRzqeQ', NULL, 1, 'avi', 1, '0000-00-00 00:00:00', 1),
(448, 'Elektra', '2005-01-14', 'https://static.fnac-static.com/multimedia/images_produits/ZoomPE/0/0/9/3344428018900/tsp20110629150343/Elektra-DVD.jpg', NULL, 0, 'mkv', 1, '0000-00-00 00:00:00', 1),
(449, 'Eliminators', '2016-10-11', 'https://media.senscritique.com/media/000016448474/source_big/Eliminators.jpg', NULL, 0, 'avi', 1, '0000-00-00 00:00:00', 1),
(450, 'Elle L''Adore', '2014-09-14', 'http://t1.gstatic.com/images?q=tbn:ANd9GcSbGfqrm4DOJvImqJV9KWnigyC0m7j92tNbitdXMzgzNcvTYGDr', NULL, 0, 'avi', 1, '0000-00-00 00:00:00', 4),
(451, 'Elysium', '2013-08-14', 'http://t2.gstatic.com/images?q=tbn:ANd9GcScH5kGo_3B1-n0W6jClCHPmTlMwsuudOtFjmEsvQPcgdNIyk7a', NULL, 1, 'avi', 1, '0000-00-00 00:00:00', 4),
(452, 'Empire of Assassins', '2011-07-05', 'http://www.gstatic.com/tv/thumb/v22vodart/8680578/p8680578_v_v8_aa.jpg', NULL, 0, 'avi', 1, '0000-00-00 00:00:00', 2),
(453, 'En Cloque, Mode d''Emploi', '2007-10-10', 'http://fr.web.img4.acsta.net/medias/nmedia/18/63/93/83/18802314.jpg', NULL, 0, 'mkv', 1, '0000-00-00 00:00:00', 1),
(454, 'En Direct sur ED TV', '1999-03-26', 'https://www.divxtop.com/images/img/di-12256.jpg', NULL, 0, 'avi', 1, '0000-00-00 00:00:00', 1),
(455, 'En Route', '2015-04-15', 'http://fr.web.img6.acsta.net/pictures/15/04/08/10/31/072651.jpg', NULL, 1, 'avi', 2, '0000-00-00 00:00:00', 2),
(456, 'En Sursis', '2003-06-18', 'http://fr.web.img6.acsta.net/c_215_290/medias/nmedia/18/35/09/92/affiche.jpg', NULL, 0, 'avi', 1, '0000-00-00 00:00:00', 4),
(457, 'En Territoire Ennemi', '2001-11-30', 'http://fr.web.img4.acsta.net/c_215_290/medias/nmedia/00/02/38/28/affter.jpg', NULL, 0, 'avi', 1, '0000-00-00 00:00:00', 1),
(458, 'Enfermes Dehors', '2006-04-05', 'https://static.cinebel.be/img/movie/poster/full/14944_fr_enfermes_dehors_1310561748164.jpg', NULL, 0, 'avi', 1, '0000-00-00 00:00:00', 1),
(459, 'Ennemi d''Etat', '1998-11-20', 'http://fr.web.img6.acsta.net/pictures/210/151/21015100_20130625124415787.jpg', NULL, 1, 'avi', 1, '0000-00-00 00:00:00', 1),
(460, 'Envoyés Très Spéciaux', '2009-01-01', 'http://fr.web.img5.acsta.net/c_215_290/medias/nmedia/18/66/61/34/19019904.jpg', NULL, 0, 'avi', 1, '0000-00-00 00:00:00', 3),
(461, 'Epic - La Bataille du Royaume Secret', '2013-05-22', 'http://t3.gstatic.com/images?q=tbn:ANd9GcTTqyf1quqfNnkniqZ4CXtf5Po3DGB2rmgLNq3Et_pHjA2gdiJj', NULL, 1, 'avi', 2, '0000-00-00 00:00:00', 4),
(462, 'Equilibrium', '2003-07-09', 'https://images-na.ssl-images-amazon.com/images/I/A1NXNsbQUKL._RI_SX300_.jpg', NULL, 1, 'avi', 1, '0000-00-00 00:00:00', 1),
(463, 'Erreur de Banque en Votre Faveur', '2009-04-08', 'http://fr.web.img4.acsta.net/c_215_290/medias/nmedia/18/69/22/93/19059333.jpg', NULL, 1, 'avi', 1, '0000-00-00 00:00:00', 3),
(464, 'Escape From Planet Earth', '2013-02-15', 'https://resizing.flixster.com/J1RSPqWy5bQlkpEF72onbtZcUlo=/206x305/v1.bTsxMTE3MTY5OTtqOzE3OTQ5OzEyMDA7ODAwOzEyMDA', NULL, 1, 'avi', 2, '0000-00-00 00:00:00', 2),
(465, 'Escape', '2011-09-02', 'https://images-na.ssl-images-amazon.com/images/I/51i3WREYyWL._SY445_.jpg', NULL, 0, 'avi', 1, '0000-00-00 00:00:00', 4),
(466, 'Escroc en herbe', '2010-09-17', 'https://www.cineserie.com/wp-content/uploads/2016/04/972048.jpg', NULL, 0, 'avi', 1, '0000-00-00 00:00:00', 2),
(467, 'Essaye-Moi', '2006-01-20', 'http://fr.web.img6.acsta.net/c_215_290/medias/nmedia/18/36/20/36/18461329.jpg', NULL, 0, 'avi', 1, '0000-00-00 00:00:00', 1),
(468, 'Evan Tout puissant', '2007-06-22', 'http://fr.web.img6.acsta.net/c_215_290/medias/nmedia/18/60/18/22/18775403.jpg', NULL, 1, 'avi', 1, '0000-00-00 00:00:00', 3),
(469, 'Evasion', '2013-02-04', 'http://fr.web.img6.acsta.net/pictures/210/416/21041625_20130919114531457.jpg', NULL, 1, 'avi', 1, '0000-00-00 00:00:00', 2),
(470, 'Evolution', '2001-07-14', 'https://upload.wikimedia.org/wikipedia/en/thumb/2/2f/Evolution_movie.jpg/220px-Evolution_movie.jpg', NULL, 1, 'avi', 1, '0000-00-00 00:00:00', 4),
(471, 'Ex Machina', '2015-01-21', 'http://t1.gstatic.com/images?q=tbn:ANd9GcR6WINgL-jy-M8V8ZH_yegsT9ICOFrsdRn1mHI9yV98K0gub_OL', NULL, 0, 'avi', 1, '0000-00-00 00:00:00', 4),
(472, 'Excalibur - l''Épée Magique', '1998-05-15', 'https://images-na.ssl-images-amazon.com/images/I/51C45R599XL.jpg', NULL, 1, 'avi', 3, '0000-00-00 00:00:00', 3),
(473, 'Exit Humanity', '2012-09-16', 'https://media.senscritique.com/media/000004248462/source_big/Exit_Humanity.jpg', NULL, 0, 'avi', 1, '0000-00-00 00:00:00', 2),
(474, 'Exodus Gods And Kings', '2014-12-03', 'https://i2.wp.com/smellslikerock.net/wp-content/uploads/2015/03/Exodus.jpg', NULL, 1, 'avi', 1, '0000-00-00 00:00:00', 4),
(475, 'Extraction (Bruce Willis)', '2015-12-24', 'https://resim.fullhdfilmizlesene.net/mdsresim_izle/fullhd-kurtarici-extraction.jpg', NULL, 0, 'avi', 1, '0000-00-00 00:00:00', 1),
(476, 'Extraction', '2016-08-31', 'http://fr.web.img2.acsta.net/c_215_290/pictures/16/05/10/16/46/379923.jpg', NULL, 0, 'avi', 1, '0000-00-00 00:00:00', 4),
(477, 'Eyjafjallajokull', '2013-10-02', 'http://t0.gstatic.com/images?q=tbn:ANd9GcS7R0JUULxvKmTZVpoyqWexw8PDx9KCE1RyxIbbQoc_UC48cB1Q', NULL, 1, 'avi', 1, '0000-00-00 00:00:00', 2),
(478, 'Face à Face', '2014-02-10', 'http://fr.web.img6.acsta.net/pictures/13/12/24/11/03/501950.jpg', NULL, 1, 'avi', 1, '0000-00-00 00:00:00', 2),
(479, 'Fantassins - Seuls En Premiere Ligne', '2007-02-20', 'http://fr.web.img3.acsta.net/c_215_290/medias/nmedia/18/93/56/05/20263853.jpg', NULL, 0, 'avi', 1, '0000-00-00 00:00:00', 2),
(480, 'Fantastic Four', '2015-08-05', 'http://t3.gstatic.com/images?q=tbn:ANd9GcTXf9JpIc9cYCUnCm3-VQDL5DUfsCWT-g8FFvvyhCiKpNZ42Ip0', NULL, 1, 'avi', 1, '0000-00-00 00:00:00', 4),
(481, 'Fantomes Contre Fantomes', '1996-07-17', 'http://img.filmsactu.net/datas/films/f/a/fantomes-contre-fantomes/xl/46f873496908d.jpg', NULL, 0, 'avi', 1, '0000-00-00 00:00:00', 1),
(482, 'Far Cry', '2008-10-02', 'http://papystreaming.com/fr/files/2013/10/Far-Cry.jpg', NULL, 1, 'avi', 1, '0000-00-00 00:00:00', 2),
(483, 'FARC-L''instrument de la vengeance', '2011-08-12', 'http://fr.web.img6.acsta.net/c_215_290/medias/nmedia/18/89/23/20/20033005.jpg', NULL, 0, 'avi', 1, '0000-00-00 00:00:00', 2),
(484, 'Fast And Furious 1', '2001-09-26', 'http://t0.gstatic.com/images?q=tbn:ANd9GcSOY-6yVKiHYsa2TUEl6ax03haNWGERIQjTX9I_nYseiyxL3hbq', NULL, 1, 'avi', 1, '0000-00-00 00:00:00', 4),
(485, 'Fast and Furious 2', '2003-06-18', 'https://images-na.ssl-images-amazon.com/images/I/51MQ5ZMAPYL._SY445_.jpg', NULL, 1, 'avi', 1, '0000-00-00 00:00:00', 1),
(486, 'Fast and Furious 3 - Tokyo Drift', '2006-07-19', 'https://1645110239.rsc.cdn77.org/image/f330x470/q50/mm/befr/movies3629/posters/the-fast-and-the-furious-tokyo-drift.20170303013001.jpg', NULL, 1, 'avi', 1, '0000-00-00 00:00:00', 1),
(487, 'Fast and Furious 4', '2009-09-12', 'http://fr.web.img6.acsta.net/r_1280_720/pictures/14/04/25/11/01/221261.jpg', NULL, 1, 'avi', 1, '0000-00-00 00:00:00', 1),
(488, 'Fast And Furious 5', '2011-05-04', 'http://t3.gstatic.com/images?q=tbn:ANd9GcQC4aVb3Qv1a5mLQwsuMWN4ticq3-WZYB_bkPqq3o9TzNgU8NbJ', NULL, 1, 'avi', 1, '0000-00-00 00:00:00', 2),
(489, 'Fast And Furious 6', '2013-05-22', 'http://t3.gstatic.com/images?q=tbn:ANd9GcTzcStX4KOYtE8dHJuLL_1v3q3IgtZyk8vAz07w6fQbTQ7z2x_l', NULL, 1, 'avi', 1, '0000-00-00 00:00:00', 2),
(490, 'Fast And Furious 7', '2015-04-01', 'http://t2.gstatic.com/images?q=tbn:ANd9GcSbxWM6zIpm3pSoPFZ9Zj1p4a6-QsT_Ezc485T2Cu0EeO9rHXvd', NULL, 1, 'avi', 1, '0000-00-00 00:00:00', 4),
(491, 'Faster', '2010-11-24', 'https://pad.mymovies.it/filmclub/2009/12/047/locandina.jpg', NULL, 1, 'avi', 1, '0000-00-00 00:00:00', 3),
(492, 'Fatal Move', '2008-02-07', 'https://images-na.ssl-images-amazon.com/images/I/51xSe5aMa1L.jpg', NULL, 0, 'avi', 1, '0000-00-00 00:00:00', 2),
(493, 'Favelas', '2014-11-12', 'http://t0.gstatic.com/images?q=tbn:ANd9GcRW5eLNu8QHO_2hnBfo7mOwjTwmzD7NxCHc40dWX1kqoLz4OO3w', NULL, 0, 'avi', 1, '0000-00-00 00:00:00', 4),
(494, 'FBI Fausses Blondes Infiltrées', '2004-10-20', 'http://fr.web.img5.acsta.net/r_1280_720/medias/nmedia/18/35/41/47/18389293.jpg', NULL, 1, 'avi', 1, '0000-00-00 00:00:00', 1),
(495, 'Felon', '2008-07-18', 'https://upload.wikimedia.org/wikipedia/en/thumb/9/95/Felonposter08.jpg/220px-Felonposter08.jpg', NULL, 1, 'avi', 1, '0000-00-00 00:00:00', 1),
(496, 'Fievel au Far West', '1991-11-22', 'https://www.bedetheque.com/media/Couvertures/Couv_128229.jpg', NULL, 0, 'avi', 3, '0000-00-00 00:00:00', 1),
(497, 'Fievel et le Nouveau Monde', '1986-11-21', 'http://t0.gstatic.com/images?q=tbn:ANd9GcSbKNjs_GgcJx-il6yv8-cF3nMS5smxzGgzVFlZEAbO93b35Ual', NULL, 0, 'avi', 3, '0000-00-00 00:00:00', 1),
(498, 'Fight Club', '1999-11-10', 'http://t1.gstatic.com/images?q=tbn:ANd9GcTdLTXtlwgmOU3b9iXMccLmWsFVJlBxwG3PBodcNk2O3SfJx1Jx', NULL, 1, 'avi', 1, '0000-00-00 00:00:00', 1),
(499, 'Fight Games', '2012-01-06', 'https://media.senscritique.com/media/000010869514/source_big/Fight_Games.jpg', NULL, 1, 'avi', 1, '0000-00-00 00:00:00', 2),
(500, 'Fighter', '2011-03-09', 'http://fr.web.img6.acsta.net/medias/nmedia/18/82/89/54/19658171.jpg', NULL, 0, 'avi', 1, '0000-00-00 00:00:00', 4),
(501, 'Final Fantasy - Kingsglaive', '2016-07-09', 'http://www.gstatic.com/tv/thumb/v22vodart/12993331/p12993331_v_v8_ab.jpg', NULL, 0, 'mkv', 2, '0000-00-00 00:00:00', 1),
(502, 'Fireball', '2010-01-26', 'https://www.cinemasalademande.com/42606/fireball.jpg', NULL, 0, 'avi', 1, '0000-00-00 00:00:00', 3),
(503, 'Fireheart, la légende de Tadas Blinda', '2012-09-20', 'https://m.media-amazon.com/images/M/MV5BZjE3OGJmMjItYzNjYi00MmYyLTk5Y2EtMTE0YWUwN2ExZTViXkEyXkFqcGdeQXVyNDUzMjY0Ng@@._V1_UY268_CR3,0,182,268_AL_.jpg', NULL, 0, 'avi', 1, '0000-00-00 00:00:00', 2),
(504, 'Firewall', '2006-02-10', 'http://fr.web.img5.acsta.net/c_215_290/medias/nmedia/18/36/21/64/18479329.jpg', NULL, 1, 'avi', 1, '0000-00-00 00:00:00', 1),
(505, 'Fist Of Legend', '1994-12-22', 'http://fr.web.img3.acsta.net/r_1280_720/medias/nmedia/00/02/27/50/69198991_af.jpg', NULL, 0, 'avi', 1, '0000-00-00 00:00:00', 4),
(506, 'Fiston', '2014-03-12', 'http://fr.web.img6.acsta.net/pictures/14/03/18/11/27/014254.jpg', NULL, 0, 'avi', 1, '0000-00-00 00:00:00', 1),
(507, 'Flashdance', '1983-09-14', 'http://fr.web.img3.acsta.net/c_215_290/medias/nmedia/18/65/19/95/18836068.jpg', NULL, 0, 'avi', 1, '0000-00-00 00:00:00', 4),
(508, 'Flashpoint', '2009-01-21', 'https://media.senscritique.com/media/000007235555/source_big/Flashpoint.jpg', NULL, 1, 'avi', 1, '0000-00-00 00:00:00', 2),
(509, 'Flesh Wounds', '2011-01-01', 'http://www.gstatic.com/tv/thumb/v22vodart/8749293/p8749293_v_v8_aa.jpg', NULL, 0, 'avi', 1, '0000-00-00 00:00:00', 2),
(510, 'Flic Ou Voyou', '1979-03-18', 'https://www.avoir-alire.com/IMG/jpg/Flic_ou_voyou_grande.jpg', NULL, 0, 'avi', 1, '0000-00-00 00:00:00', 4),
(511, 'Flight Plan', '2005-09-22', 'http://fr.web.img6.acsta.net/medias/nmedia/18/35/81/57/18453396.jpg', NULL, 0, 'avi', 1, '0000-00-00 00:00:00', 2),
(512, 'Flight', '2013-02-13', 'http://t2.gstatic.com/images?q=tbn:ANd9GcSoMkEmhvjq8cnQG8yDp_JcB_CTesczWS17_wslG2pru_3onaw6', NULL, 0, 'avi', 1, '0000-00-00 00:00:00', 2),
(513, 'Forces Speciales', '2011-11-02', 'http://fr.web.img3.acsta.net/c_215_290/medias/nmedia/18/83/26/25/19777804.jpg', NULL, 1, 'avi', 1, '0000-00-00 00:00:00', 2),
(514, 'Forest Gump', '1994-10-05', 'http://t3.gstatic.com/images?q=tbn:ANd9GcT0NxVrYdi8Ro5zRnIbewaT_uCOl5_2uhxxyQoU6s9gOfEDovGi', NULL, 1, 'avi', 1, '0000-00-00 00:00:00', 1),
(515, 'Fourmiz', '1998-10-02', 'https://www.telerama.fr/sites/tr_master/files/1d978509-6dee-46e2-b468-e87442dc86dc_2.jpg', NULL, 1, 'avi', 2, '0000-00-00 00:00:00', 1),
(516, 'Fous D''Irene', '2000-08-03', 'http://intlportal2.s3.foxfilm.com/intlportal2/dev-temp/fr-BE/____55427297457cd.jpg', NULL, 1, 'avi', 1, '0000-00-00 00:00:00', 3),
(517, 'Freaky Friday', '2003-08-06', 'http://fr.web.img2.acsta.net/c_215_290/medias/nmedia/18/35/15/44/18365650.jpg', NULL, 1, 'avi', 1, '0000-00-00 00:00:00', 1),
(518, 'Friday After Next', '2002-11-22', 'https://upload.wikimedia.org/wikipedia/en/thumb/f/f6/Friday_After_Next_Poster.jpg/220px-Friday_After_Next_Poster.jpg', NULL, 0, 'avi', 1, '0000-00-00 00:00:00', 4),
(519, 'Friday', '1995-04-26', 'https://images-na.ssl-images-amazon.com/images/I/5124Y61ERNL._SY445_.jpg', NULL, 0, 'avi', 1, '0000-00-00 00:00:00', 4),
(520, 'From Hell', '2001-10-17', 'https://is1-ssl.mzstatic.com/image/thumb/Video62/v4/89/96/3c/89963ce2-4022-9a21-5840-edca78f356c4/contsched.grajzggv.lsr/268x0w.jpg', NULL, 0, 'avi', 1, '0000-00-00 00:00:00', 3),
(521, 'From Paris With Love', '2010-02-04', 'http://fr.web.img6.acsta.net/medias/nmedia/18/71/25/27/19207033.jpg', NULL, 1, 'avi', 1, '0000-00-00 00:00:00', 1),
(522, 'Funny People', '2009-10-07', 'https://images-na.ssl-images-amazon.com/images/I/71pRUUUVcUL._RI_.jpg', NULL, 0, 'avi', 1, '0000-00-00 00:00:00', 1),
(523, 'FURTIF', '2005-07-29', 'http://fr.web.img2.acsta.net/c_215_290/medias/nmedia/18/35/56/08/18437882.jpg', NULL, 0, 'avi', 1, '0000-00-00 00:00:00', 3),
(524, 'Fury', '2014-10-22', 'http://fr.web.img5.acsta.net/r_1280_720/pictures/14/07/25/12/51/284275.jpg', NULL, 1, 'mkv', 1, '0000-00-00 00:00:00', 3),
(525, 'G Force', '2009-10-14', 'http://fr.web.img4.acsta.net/c_215_290/medias/nmedia/18/71/49/79/19165029.jpg', NULL, 1, 'avi', 1, '0000-00-00 00:00:00', 1),
(526, 'G I Joe 2 - Conspiration', '2013-03-27', 'http://fr.web.img5.acsta.net/medias/nmedia/18/90/29/41/20458499.jpg', NULL, 1, 'avi', 1, '0000-00-00 00:00:00', 4),
(527, 'G.I - Joe - Le Réveil du Cobra', '2009-08-05', 'http://fr.web.img6.acsta.net/medias/nmedia/18/66/25/93/19119778.jpg', 'null', 1, 'avi', 1, '0000-00-00 00:00:00', 1),
(528, 'Gad El Maleh - La Vie Normale', '2000-01-01', 'https://www.kiffegrave.com/wp-content/uploads/2008/10/affiche-gad-elmaleh-la-vie-normale-2005-1.jpg', NULL, 0, 'avi', 1, '0000-00-00 00:00:00', 1),
(529, 'Gad El Maleh - L''Autre c''est Moi', '2005-01-01', 'data:image/jpeg;base64,/9j/4AAQSkZJRgABAQAAAQABAAD/2wCEAAkGBxIQEBUSEhAVFRUWFRUVFhUVFRUVFRYVFRYXFhUVFRUYHSggGBolHRUVIT0hJSkrLi4uFx8zODMsNygtLisBCgoKDg0NGBAQGi0dHR0vKysrKyswLS0rLS0wLS0tKy0tLSstLS0rLSstLS0tLSstKy0tKy0tLS0tLSstLSsuLf/AABEIAP4AxgMBIgACEQEDEQH/', NULL, 1, 'avi', 1, '0000-00-00 00:00:00', 1),
(530, 'Gad El Maleh - Papa est en Haut', '2010-01-01', 'https://m.media-amazon.com/images/M/MV5BM2EwYWZlMTctMGI5ZS00MWJlLWIxZWYtM2RhZjlmZTFiYjI1XkEyXkFqcGdeQXVyNjUxMTkyMTk@._V1_SY1000_CR0,0,707,1000_AL_.jpg', NULL, 1, 'avi', 1, '0000-00-00 00:00:00', 1),
(531, 'Game of Death', '2017-03-14', 'http://www.filmsquebec.com/wp-content/uploads/2017/06/game-of-death-276x399.jpg', NULL, 0, 'avi', 1, '0000-00-00 00:00:00', 3),
(532, 'Gang De Requins', '2004-09-10', 'https://is5-ssl.mzstatic.com/image/thumb/Video128/v4/14/7d/4f/147d4fcd-c200-75b6-2f6a-0b04587b37ce/mza_5867244097639046867.jpg/268x0w.jpg', NULL, 1, 'avi', 2, '0000-00-00 00:00:00', 1),
(533, 'Gangs of New York', '2003-01-08', 'https://encrypted-tbn0.gstatic.com/images?q=tbn:ANd9GcQ98sAUk6mFY2qrodaSKw9oeleWAWlIgPiEB6UXJAeq8MWgQG9o', NULL, 0, 'avi', 1, '0000-00-00 00:00:00', 1),
(534, 'Gangster Squad', '2013-02-06', 'http://fr.web.img6.acsta.net/medias/nmedia/18/92/13/72/20446220.jpg', NULL, 1, 'avi', 1, '0000-00-00 00:00:00', 2),
(535, 'Gangsterdam', '2017-03-29', 'http://t3.gstatic.com/images?q=tbn:ANd9GcRPjuGOPnGbD-ufeqPRwCws3ulgkFDVIinwHgaZzy9GrYxWkWm1', NULL, 0, 'avi', 1, '0000-00-00 00:00:00', 1),
(536, 'Gantz 2', '2011-04-23', 'http://fr.web.img5.acsta.net/medias/nmedia/18/86/88/90/19867626.jpg', NULL, 1, 'avi', 1, '0000-00-00 00:00:00', 2),
(537, 'Gantz', '2011-01-01', 'http://www.gstatic.com/tv/thumb/v22vodart/8396379/p8396379_v_v8_aa.jpg', NULL, 1, 'avi', 1, '0000-00-00 00:00:00', 2),
(538, 'Garde Rapprochée', '2005-02-25', 'http://fr.web.img5.acsta.net/medias/nmedia/18/35/50/81/18429611.jpg', NULL, 1, 'avi', 1, '0000-00-00 00:00:00', 1),
(539, 'George de la Jungle', '1997-07-16', 'https://disney-planet.fr/wp-content/uploads/2014/11/affiche-george-jungle-01.jpg', NULL, 1, 'avi', 1, '0000-00-00 00:00:00', 3),
(540, 'Ghost in the Shell - The New Movie', '2015-06-20', 'https://media.senscritique.com/media/000016598885/source_big/Ghost_in_the_Shell_The_New_Movie.jpg', NULL, 0, 'avi', 3, '0000-00-00 00:00:00', 1),
(541, 'Ghost In The Shell (New)', '2017-03-29', 'http://t0.gstatic.com/images?q=tbn:ANd9GcQYtOxzXOUoUFyajtc5JnwXf642B6WNXxjiursTfJxvrXEnDTO-', NULL, 0, 'avi', 1, '0000-00-00 00:00:00', 1),
(542, 'Ghost in the Shell', '1997-01-29', 'https://p1.storage.canalblog.com/29/93/1349409/117276830_o.jpg', NULL, 0, 'mkv', 3, '0000-00-00 00:00:00', 1),
(543, 'Ghost Rider 2 - Spirit Of Vengeance', '2012-02-15', 'http://img.xooimage.com/files105/e/0/d/1-fergus-riordan-2-458cb21.jpg', NULL, 1, 'avi', 1, '0000-00-00 00:00:00', 4),
(544, 'Ghost Rider', '2007-02-16', 'http://fr.web.img6.acsta.net/medias/nmedia/18/35/23/95/18707057.jpg', NULL, 1, 'avi', 1, '0000-00-00 00:00:00', 3),
(545, 'Ghost Shark', '2013-08-22', 'http://fr.web.img3.acsta.net/r_1280_720/pictures/210/235/21023501_20130730180410469.jpg', NULL, 1, 'avi', 1, '0000-00-00 00:00:00', 4),
(546, 'Ghost', '1990-11-07', 'http://fr.web.img6.acsta.net/medias/nmedia/18/64/69/67/19106105.jpg', NULL, 1, 'avi', 1, '0000-00-00 00:00:00', 2),
(547, 'Gladiator', '2000-06-20', 'https://images-na.ssl-images-amazon.com/images/I/51XQKPC010L._SY445_.jpg', NULL, 1, 'avi', 1, '0000-00-00 00:00:00', 2),
(548, 'Gladiators (Boxe)', '2012-10-18', 'http://fr.web.img6.acsta.net/c_215_290/medias/nmedia/18/93/30/84/20248704.jpg', NULL, 0, 'avi', 1, '0000-00-00 00:00:00', 2),
(549, 'Gnoméo et Juliette', '2011-01-23', 'http://fr.web.img2.acsta.net/medias/nmedia/18/82/78/49/19642045.jpg', NULL, 1, 'avi', 2, '0000-00-00 00:00:00', 2),
(550, 'Go Fast', '2008-10-01', 'http://fr.web.img5.acsta.net/c_215_290/medias/nmedia/18/65/13/28/18970771.jpg', NULL, 1, 'avi', 1, '0000-00-00 00:00:00', 1),
(551, 'Gods Of Egypt', '2016-04-06', 'http://t2.gstatic.com/images?q=tbn:ANd9GcT5hnz_51UTnyNl5mi520TsEbdis1dsdQFY2woPsk7uQXlpXNwH', NULL, 1, 'avi', 1, '0000-00-00 00:00:00', 4),
(552, 'Godzilla Vieux', '1998-05-20', 'https://upload.wikimedia.org/wikipedia/en/thumb/2/2e/Godzilla_%281998_Movie_Poster%29.jpg/220px-Godzilla_%281998_Movie_Poster%29.jpg', NULL, 1, 'avi', 1, '0000-00-00 00:00:00', 3),
(553, 'Godzilla', '2014-05-14', 'http://fr.web.img6.acsta.net/c_215_290/pictures/14/03/25/14/43/167915.jpg', NULL, 1, 'avi', 1, '0000-00-00 00:00:00', 3),
(554, 'Goldeneye', '1995-12-20', 'http://fr.web.img6.acsta.net/medias/nmedia/18/67/99/89/20200948.jpg', NULL, 1, 'avi', 1, '0000-00-00 00:00:00', 1),
(555, 'Goldfinger', '1965-02-18', 'http://www.allodoublage.com/glossaire/images/affiche-Goldfinger.jpg', NULL, 1, 'avi', 1, '0000-00-00 00:00:00', 1),
(556, 'Gran Torino', '2009-02-25', 'http://t2.gstatic.com/images?q=tbn:ANd9GcSZ5xBz5bw5O6H8pkkrOxclg9rsKoU1IEYXethQE9l4xq-rkExo', NULL, 0, 'avi', 1, '0000-00-00 00:00:00', 1),
(557, 'Gravity', '2013-10-23', 'http://t0.gstatic.com/images?q=tbn:ANd9GcQNAZwpLBoIu10AA1VLuc0okbPKfmkVRPg3N3iTbQYwlKb-qjHj', NULL, 0, 'avi', 1, '0000-00-00 00:00:00', 2),
(558, 'Green Lantern', NULL, NULL, NULL, 1, 'avi', 1, '0000-00-00 00:00:00', 3),
(559, 'Gremlins 2', NULL, NULL, NULL, 0, 'avi', 1, '0000-00-00 00:00:00', 1),
(560, 'Gremlins', NULL, NULL, NULL, 0, 'avi', 1, '0000-00-00 00:00:00', 1),
(561, 'Gun & Gangster & Zombie', NULL, NULL, NULL, 0, 'avi', 1, '0000-00-00 00:00:00', 2),
(562, 'Halal Police D''Etat', NULL, NULL, NULL, 1, 'avi', 1, '0000-00-00 00:00:00', 3),
(563, 'Hamilton', NULL, NULL, NULL, 0, 'avi', 1, '0000-00-00 00:00:00', 2),
(564, 'Hancock', NULL, NULL, NULL, 1, 'avi', 1, '0000-00-00 00:00:00', 1),
(565, 'Hannibal', NULL, NULL, NULL, 0, 'avi', 1, '0000-00-00 00:00:00', 3),
(566, 'Hansel et Gretel - Witch Hunters', '2013-03-06', 'https://images-na.ssl-images-amazon.com/images/I/9179Oe7e8yL._SL1500_.jpg', NULL, 1, 'avi', 1, '0000-00-00 00:00:00', 2),
(567, 'Hanté Par Ses Ex', NULL, NULL, NULL, 1, 'avi', 1, '0000-00-00 00:00:00', 1),
(568, 'Happiness Therapy', NULL, NULL, NULL, 1, 'avi', 1, '0000-00-00 00:00:00', 4),
(569, 'Happy feet', NULL, NULL, NULL, 0, 'avi', 2, '0000-00-00 00:00:00', 1),
(570, 'Hard Boiled', NULL, NULL, NULL, 1, 'avi', 1, '0000-00-00 00:00:00', 1),
(571, 'Hard Day', NULL, NULL, NULL, 0, 'avi', 1, '0000-00-00 00:00:00', 4),
(572, 'Hard Rush', NULL, NULL, NULL, 0, 'avi', 1, '0000-00-00 00:00:00', 2),
(573, 'Hardcore Henry', NULL, NULL, NULL, 1, 'avi', 1, '0000-00-00 00:00:00', 4),
(574, 'Harold And Kumar Escape From Guantanamo', NULL, NULL, NULL, 1, 'avi', 1, '0000-00-00 00:00:00', 3),
(575, 'Harold And Kumar Go To White Castle', NULL, NULL, NULL, 1, 'avi', 1, '0000-00-00 00:00:00', 3),
(576, 'Harold et Kumar fêtent Noël', NULL, NULL, NULL, 0, 'avi', 1, '0000-00-00 00:00:00', 2),
(577, 'Harry Potter (1) A l''Ecole des Sorciers', NULL, NULL, NULL, 1, 'avi', 1, '0000-00-00 00:00:00', 2),
(578, 'Harry Potter (2) et La Chambre des Secrets', NULL, NULL, NULL, 1, 'avi', 1, '0000-00-00 00:00:00', 1),
(579, 'Harry Potter (3) et Le Prisonnier d''Azkaban', NULL, NULL, NULL, 1, 'avi', 1, '0000-00-00 00:00:00', 1),
(580, 'Harry Potter (4) et La Coupe de Feu', NULL, NULL, NULL, 1, 'avi', 1, '0000-00-00 00:00:00', 1),
(581, 'Harry Potter (5) et l''Ordre du Phénix', NULL, NULL, NULL, 1, 'avi', 1, '0000-00-00 00:00:00', 1),
(582, 'Harry Potter 6 - Le Prince de Sang Mélé', NULL, NULL, NULL, 1, 'avi', 1, '0000-00-00 00:00:00', 3),
(583, 'Harry Potter 7 - et les Reliques de la Mort part 1', NULL, NULL, NULL, 0, 'avi', 1, '0000-00-00 00:00:00', 3),
(584, 'Harry Potter 7 - et les Reliques de la Mort part 2', NULL, NULL, NULL, 0, 'avi', 1, '0000-00-00 00:00:00', 3),
(585, 'Harsh Times', NULL, NULL, NULL, 0, 'avi', 1, '0000-00-00 00:00:00', 2),
(586, 'Hé Mec! Elle est où ma Caisse', NULL, NULL, NULL, 0, 'avi', 1, '0000-00-00 00:00:00', 1),
(587, 'Headshot', NULL, NULL, NULL, 0, 'mkv', 1, '0000-00-00 00:00:00', 1),
(588, 'Heat', NULL, NULL, NULL, 1, 'avi', 1, '0000-00-00 00:00:00', 4),
(589, 'Hell Driver', NULL, NULL, NULL, 1, 'avi', 1, '0000-00-00 00:00:00', 3),
(590, 'Hellboy 2', NULL, NULL, NULL, 1, 'avi', 1, '0000-00-00 00:00:00', 1),
(591, 'Hellboy', NULL, NULL, NULL, 1, 'avi', 1, '0000-00-00 00:00:00', 3),
(592, 'Hercules', NULL, NULL, NULL, 1, 'avi', 1, '0000-00-00 00:00:00', 4),
(593, 'Hero Wanted', NULL, NULL, NULL, 0, 'avi', 1, '0000-00-00 00:00:00', 3),
(594, 'Hero', NULL, NULL, NULL, 1, 'avi', 1, '0000-00-00 00:00:00', 1),
(595, 'Hibernatus', NULL, NULL, NULL, 1, 'avi', 1, '0000-00-00 00:00:00', 1),
(596, 'Hit and Run', NULL, NULL, NULL, 0, 'avi', 1, '0000-00-00 00:00:00', 2),
(597, 'Hitch Expert en Séduction', NULL, NULL, NULL, 1, 'avi', 1, '0000-00-00 00:00:00', 1),
(598, 'Hitcher', NULL, NULL, NULL, 0, 'avi', 1, '0000-00-00 00:00:00', 3),
(599, 'Hitman Agent 47', NULL, NULL, NULL, 1, 'mkv', 1, '0000-00-00 00:00:00', 4),
(600, 'Hitman and Bodyguard', NULL, NULL, NULL, 0, 'avi', 1, '0000-00-00 00:00:00', 1),
(601, 'Hitman', NULL, NULL, NULL, 1, 'avi', 1, '0000-00-00 00:00:00', 1),
(602, 'Homefront', NULL, NULL, NULL, 1, 'avi', 1, '0000-00-00 00:00:00', 4),
(603, 'Hook', NULL, NULL, NULL, 1, 'avi', 1, '0000-00-00 00:00:00', 3),
(604, 'Hooked 2', NULL, NULL, NULL, 0, 'avi', 1, '0000-00-00 00:00:00', 2),
(605, 'Hooked', NULL, NULL, NULL, 0, 'avi', 1, '0000-00-00 00:00:00', 2),
(606, 'HookingUp', NULL, NULL, NULL, 0, 'avi', 1, '0000-00-00 00:00:00', 2),
(607, 'Hooligans 3', NULL, NULL, NULL, 1, 'avi', 1, '0000-00-00 00:00:00', 4),
(608, 'Hors de Contrôle', NULL, NULL, NULL, 0, 'avi', 1, '0000-00-00 00:00:00', 1),
(609, 'Hors de Prix', NULL, NULL, NULL, 1, 'avi', 1, '0000-00-00 00:00:00', 1),
(610, 'Horton', NULL, NULL, NULL, 0, 'avi', 2, '0000-00-00 00:00:00', 1),
(611, 'Hot Fuzz', NULL, NULL, NULL, 1, 'avi', 1, '0000-00-00 00:00:00', 1),
(612, 'Hot Shots 1', NULL, NULL, NULL, 1, 'avi', 1, '0000-00-00 00:00:00', 1),
(613, 'Hot Shots 2', NULL, NULL, NULL, 1, 'avi', 1, '0000-00-00 00:00:00', 1),
(614, 'Hot Tube Time Machine', NULL, NULL, NULL, 0, 'avi', 1, '0000-00-00 00:00:00', 3),
(615, 'Hotel Transylvania 2', NULL, NULL, NULL, 1, 'avi', 2, '0000-00-00 00:00:00', 4),
(616, 'Hotel Transylvania', NULL, NULL, NULL, 1, 'avi', 2, '0000-00-00 00:00:00', 2),
(617, 'Hotel Woodstock', NULL, NULL, NULL, 0, 'avi', 1, '0000-00-00 00:00:00', 1),
(618, 'Hulk', NULL, NULL, NULL, 1, 'avi', 1, '0000-00-00 00:00:00', 1),
(619, 'Human traffic', NULL, NULL, NULL, 0, 'avi', 1, '0000-00-00 00:00:00', 2),
(620, 'Hunger Games 2', NULL, NULL, NULL, 0, 'avi', 1, '0000-00-00 00:00:00', 3),
(621, 'Hunt To Kill', NULL, NULL, NULL, 0, 'avi', 1, '0000-00-00 00:00:00', 2),
(622, 'Hyper Tension 2', NULL, NULL, NULL, 1, 'avi', 1, '0000-00-00 00:00:00', 1),
(623, 'Hyper Tension', NULL, NULL, NULL, 1, 'avi', 1, '0000-00-00 00:00:00', 1),
(624, 'I am Wrath', NULL, NULL, NULL, 0, 'avi', 1, '0000-00-00 00:00:00', 4),
(625, 'I Frankenstein', NULL, NULL, NULL, 1, 'avi', 1, '0000-00-00 00:00:00', 4),
(626, 'I Love You Beth', NULL, NULL, NULL, 1, 'avi', 1, '0000-00-00 00:00:00', 3),
(627, 'I Love You Phillip Morris', NULL, NULL, NULL, 0, 'avi', 1, '0000-00-00 00:00:00', 1),
(628, 'I Robot', NULL, NULL, NULL, 1, 'avi', 1, '0000-00-00 00:00:00', 1),
(629, 'I Saw The Devil', NULL, NULL, NULL, 0, 'avi', 1, '0000-00-00 00:00:00', 3),
(630, 'I.T', '2016-11-06', 'https://media.senscritique.com/media/000016230475/source_big/I_T.jpg', 'null', 0, 'mkv', 1, '0000-00-00 00:00:00', 1),
(631, 'Icarus', NULL, NULL, NULL, 0, 'avi', 1, '0000-00-00 00:00:00', 4),
(632, 'Identité Secrète', NULL, NULL, NULL, 0, 'avi', 1, '0000-00-00 00:00:00', 2),
(633, 'Igor', NULL, NULL, NULL, 1, 'avi', 2, '0000-00-00 00:00:00', 1),
(634, 'Il a Déja Tes Yeux', NULL, NULL, NULL, 0, 'mkv', 1, '0000-00-00 00:00:00', 1),
(635, 'Il Etait Une Fois Une Fois', NULL, NULL, NULL, 1, 'avi', 1, '0000-00-00 00:00:00', 2),
(636, 'Il Etait une Fois', NULL, NULL, NULL, 1, 'avi', 3, '0000-00-00 00:00:00', 1),
(637, 'Il Faut Sauver Le Soldat Ryan', NULL, NULL, NULL, 1, 'avi', 1, '0000-00-00 00:00:00', 1),
(638, 'Il reste du jambon', NULL, NULL, NULL, 0, 'avi', 1, '0000-00-00 00:00:00', 2),
(639, 'Impostor', NULL, NULL, NULL, 0, 'avi', 1, '0000-00-00 00:00:00', 3),
(640, 'Incassable', NULL, NULL, NULL, 1, 'avi', 1, '0000-00-00 00:00:00', 3),
(641, 'Inception', NULL, NULL, NULL, 1, 'avi', 1, '0000-00-00 00:00:00', 1),
(642, 'Incognito', NULL, NULL, NULL, 0, 'avi', 1, '0000-00-00 00:00:00', 3),
(643, 'Incontrolable', NULL, NULL, NULL, 0, 'avi', 1, '0000-00-00 00:00:00', 1),
(644, 'Independance day', NULL, NULL, NULL, 1, 'avi', 1, '0000-00-00 00:00:00', 1),
(645, 'Independence Day - Resurgence', NULL, NULL, NULL, 1, 'avi', 1, '0000-00-00 00:00:00', 4),
(646, 'Indiana Jones (1) et les Aventuriers de l''Arche Perdue', NULL, NULL, NULL, 1, 'avi', 1, '0000-00-00 00:00:00', 1),
(647, 'Indiana Jones (2) et le Temple Maudit', NULL, NULL, NULL, 1, 'avi', 1, '0000-00-00 00:00:00', 1),
(648, 'Indiana Jones (3) et la Dernière Croisade', NULL, NULL, NULL, 1, 'avi', 1, '0000-00-00 00:00:00', 1),
(649, 'Indiana Jones (4) et le Royaume du Crâne de Cristal', NULL, NULL, NULL, 1, 'avi', 1, '0000-00-00 00:00:00', 1),
(650, 'Inferno', NULL, NULL, NULL, 1, 'avi', 1, '0000-00-00 00:00:00', 4),
(651, 'Infiltrés', NULL, NULL, NULL, 1, 'avi', 1, '0000-00-00 00:00:00', 2),
(652, 'Inglorious Basterds', NULL, NULL, NULL, 1, 'avi', 1, '0000-00-00 00:00:00', 1),
(653, 'Insaisissables 2', NULL, NULL, NULL, 1, 'mkv', 1, '0000-00-00 00:00:00', 4),
(654, 'Insaisissables', NULL, NULL, NULL, 1, 'avi', 1, '0000-00-00 00:00:00', 2),
(655, 'Insomnia', NULL, NULL, NULL, 0, 'avi', 1, '0000-00-00 00:00:00', 3),
(656, 'Intern Academy', NULL, NULL, NULL, 1, 'avi', 1, '0000-00-00 00:00:00', 3),
(657, 'Interstellar', NULL, NULL, NULL, 0, 'mkv', 1, '0000-00-00 00:00:00', 4),
(658, 'Intolerable Cruaute', NULL, NULL, NULL, 0, 'avi', 1, '0000-00-00 00:00:00', 2),
(659, 'Intouchables', NULL, NULL, NULL, 1, 'avi', 1, '0000-00-00 00:00:00', 1),
(660, 'Invictus', NULL, NULL, NULL, 1, 'avi', 1, '0000-00-00 00:00:00', 3),
(661, 'Invincible', NULL, NULL, NULL, 1, 'avi', 1, '0000-00-00 00:00:00', 4),
(662, 'Ip Man - La Légende est Née', NULL, NULL, NULL, 1, 'mp4', 1, '0000-00-00 00:00:00', 4),
(663, 'Ip Man 2', NULL, NULL, NULL, 1, 'avi', 1, '0000-00-00 00:00:00', 3),
(664, 'Ip Man 3', NULL, NULL, NULL, 1, 'avi', 1, '0000-00-00 00:00:00', 4),
(665, 'Ip Man', NULL, NULL, NULL, 1, 'avi', 1, '0000-00-00 00:00:00', 3),
(666, 'Iron Man 2', NULL, NULL, NULL, 1, 'avi', 1, '0000-00-00 00:00:00', 1),
(667, 'Iron Man 3', NULL, NULL, NULL, 1, 'avi', 1, '0000-00-00 00:00:00', 2),
(668, 'Iron Man', NULL, NULL, NULL, 1, 'avi', 1, '0000-00-00 00:00:00', 1),
(669, 'Iron Monkey', NULL, NULL, NULL, 0, 'avi', 1, '0000-00-00 00:00:00', 2),
(670, 'Jack & Julie', NULL, NULL, NULL, 0, 'avi', 1, '0000-00-00 00:00:00', 2),
(671, 'Jack and Jill', NULL, NULL, NULL, 0, 'avi', 1, '0000-00-00 00:00:00', 4),
(672, 'Jack et la Mécanique du Coeur', NULL, NULL, NULL, 0, 'avi', 2, '0000-00-00 00:00:00', 4),
(673, 'Jack l''éventreur', NULL, NULL, NULL, 1, 'avi', 1, '0000-00-00 00:00:00', 3),
(674, 'Jack Reacher 2 - Never Go Back', NULL, NULL, NULL, 1, 'mkv', 1, '0000-00-00 00:00:00', 4),
(675, 'Jack Reacher', NULL, NULL, NULL, 1, 'avi', 1, '0000-00-00 00:00:00', 3),
(676, 'Jack Ryan Shadow Recruit', NULL, NULL, NULL, 0, 'avi', 1, '0000-00-00 00:00:00', 4),
(677, 'Jackass 2 downparadise', NULL, NULL, NULL, 1, 'avi', 1, '0000-00-00 00:00:00', 2),
(678, 'Jackass3D', NULL, NULL, NULL, 1, 'avi', 1, '0000-00-00 00:00:00', 2),
(679, 'Jackass-Le Film', NULL, NULL, NULL, 1, 'avi', 1, '0000-00-00 00:00:00', 2),
(680, 'Jackpot', NULL, NULL, NULL, 1, 'avi', 1, '0000-00-00 00:00:00', 1),
(681, 'Jacques le Chasseur de Géants', NULL, NULL, NULL, 1, 'avi', 1, '0000-00-00 00:00:00', 2),
(682, 'J''ai Rencontré le Diable', NULL, NULL, NULL, 0, 'mkv', 1, '0000-00-00 00:00:00', 1),
(683, 'Jamais Entre Amis', NULL, NULL, NULL, 0, 'avi', 1, '0000-00-00 00:00:00', 4),
(684, 'Jamais Le Premier Soir', NULL, NULL, NULL, 0, 'avi', 1, '0000-00-00 00:00:00', 4),
(685, 'Jamais Plus Jamais', NULL, NULL, NULL, 1, 'avi', 1, '0000-00-00 00:00:00', 1),
(686, 'James et la Pêche Géante', NULL, NULL, NULL, 0, 'avi', 1, '0000-00-00 00:00:00', 4),
(687, 'Jappeloup', NULL, NULL, NULL, 1, 'avi', 1, '0000-00-00 00:00:00', 4),
(688, 'Jason Bourne Legacy', NULL, NULL, NULL, 0, 'avi', 1, '0000-00-00 00:00:00', 2),
(689, 'Jason Bourne', NULL, NULL, NULL, 0, 'avi', 1, '0000-00-00 00:00:00', 4),
(690, 'Je Suis une Légende', NULL, NULL, NULL, 1, 'avi', 1, '0000-00-00 00:00:00', 3),
(691, 'Jean Philippe', NULL, NULL, NULL, 1, 'avi', 1, '0000-00-00 00:00:00', 1),
(692, 'Jeanne d''Arc', NULL, NULL, NULL, 0, 'avi', 1, '0000-00-00 00:00:00', 1),
(693, 'Jerry Maguire', NULL, NULL, NULL, 0, 'avi', 1, '0000-00-00 00:00:00', 4),
(694, 'Jo', NULL, NULL, NULL, 0, 'avi', 1, '0000-00-00 00:00:00', 4),
(695, 'Joe', '2014-04-30', 'http://fr.web.img2.acsta.net/pictures/14/04/24/15/39/475243.jpg', 'null', 0, 'avi', 1, '0000-00-00 00:00:00', 1),
(696, 'John Carter', '2012-03-07', 'https://http2.mlstatic.com/dvd-john-carter-entre-dos-mundos-2012-andrew-stanton-D_NQ_NP_829211-MLM20524987828_122015-F.jpg', 'null', 1, 'avi', 1, '0000-00-00 00:00:00', 2),
(697, 'John Tucker Must Die', '2006-07-27', 'http://fr.web.img2.acsta.net/c_215_290/medias/nmedia/18/36/20/42/18673266.jpg', 'null', 0, 'avi', 1, '0000-00-00 00:00:00', 2),
(698, 'John Wick 2', '2017-02-22', 'http://t3.gstatic.com/images?q=tbn:ANd9GcQfkLlBmJR69_I6VREVgzAJujyrYb5H8GxzhmCP7Rdjcb_Mklxx', 'null', 1, 'avi', 1, '0000-00-00 00:00:00', 1),
(699, 'John Wick', '2014-10-29', 'http://t2.gstatic.com/images?q=tbn:ANd9GcTP3k717qTOuBUYdg8SgYve2AUPpUQg5pkqHzEOpC7ZGVdH6DOA', 'null', 1, 'avi', 1, '0000-00-00 00:00:00', 4),
(700, 'Johnny English, Le Retour', '2011-10-19', 'http://fr.web.img3.acsta.net/medias/nmedia/18/84/72/78/19806628.jpg', 'null', 0, 'avi', 1, '0000-00-00 00:00:00', 3),
(701, 'Johnny English', '2003-04-06', 'http://fr.web.img3.acsta.net/c_215_290/medias/nmedia/00/02/55/71/affiche2.jpg', 'null', 1, 'avi', 1, '0000-00-00 00:00:00', 3),
(702, 'Joker', NULL, NULL, NULL, 1, 'avi', 1, '0000-00-00 00:00:00', 4),
(703, 'Jours de Tonnerre', NULL, NULL, NULL, 0, 'avi', 1, '0000-00-00 00:00:00', 4),
(704, 'Joyeuses Paques', NULL, NULL, NULL, 0, 'avi', 1, '0000-00-00 00:00:00', 4),
(705, 'Joyeux Bordel', NULL, NULL, NULL, 0, 'mkv', 1, '0000-00-00 00:00:00', 1),
(706, 'Judge Dredd 2', NULL, NULL, NULL, 1, 'avi', 1, '0000-00-00 00:00:00', 2),
(707, 'Judge Dredd', NULL, NULL, NULL, 1, 'avi', 1, '0000-00-00 00:00:00', 4),
(708, 'Jumanji', NULL, NULL, NULL, 1, 'avi', 1, '0000-00-00 00:00:00', 3),
(709, 'Jumper', NULL, NULL, NULL, 1, 'avi', 1, '0000-00-00 00:00:00', 1),
(710, 'Jupiter - Le Destin de l''Univers', NULL, NULL, NULL, 1, 'avi', 1, '0000-00-00 00:00:00', 4),
(711, 'Jurassic Park 1', NULL, NULL, NULL, 1, 'avi', 1, '0000-00-00 00:00:00', 1),
(712, 'Jurassic Park 2', NULL, NULL, NULL, 1, 'avi', 1, '0000-00-00 00:00:00', 1),
(713, 'Jurassic Park 3', NULL, NULL, NULL, 1, 'avi', 1, '0000-00-00 00:00:00', 1),
(714, 'Jurassic World', NULL, NULL, NULL, 1, 'avi', 1, '0000-00-00 00:00:00', 4);
INSERT INTO `films` (`id_film`, `titre`, `annee_sortie`, `jaquette`, `lien_allocine`, `est_vu`, `extension`, `id_type`, `date_c`, `id_ddur`) VALUES
(715, 'Jusqu''à ce Que la Fin du Monde Nous Sépare', NULL, NULL, NULL, 0, 'avi', 1, '0000-00-00 00:00:00', 2),
(716, 'Just Married', NULL, NULL, NULL, 0, 'avi', 1, '0000-00-00 00:00:00', 4),
(717, 'Kaena la Prophetie', NULL, NULL, NULL, 0, 'avi', 2, '0000-00-00 00:00:00', 1),
(718, 'Kalifornia', NULL, NULL, NULL, 0, 'avi', 1, '0000-00-00 00:00:00', 3),
(719, 'Khumba', NULL, NULL, NULL, 0, 'mkv', 2, '0000-00-00 00:00:00', 4),
(720, 'Kick Ass 2', NULL, NULL, NULL, 1, 'avi', 1, '0000-00-00 00:00:00', 4),
(721, 'Kick Ass', NULL, NULL, NULL, 1, 'avi', 1, '0000-00-00 00:00:00', 3),
(722, 'Kickboxer Vengeance', NULL, NULL, NULL, 1, 'avi', 1, '0000-00-00 00:00:00', 4),
(723, 'Kickboxer', NULL, NULL, NULL, 1, 'mp4', 1, '0000-00-00 00:00:00', 2),
(724, 'Kiki La Petite Sorcière', NULL, NULL, NULL, 0, 'avi', 3, '0000-00-00 00:00:00', 4),
(725, 'Kill Bill 1', NULL, NULL, NULL, 1, 'avi', 1, '0000-00-00 00:00:00', 1),
(726, 'Kill Bill 2', NULL, NULL, NULL, 1, 'avi', 1, '0000-00-00 00:00:00', 1),
(727, 'Kill Me Three Times', NULL, NULL, NULL, 0, 'avi', 1, '0000-00-00 00:00:00', 2),
(728, 'Kill The Gringo', NULL, NULL, NULL, 0, 'avi', 1, '0000-00-00 00:00:00', 4),
(729, 'Kill''em All', NULL, NULL, NULL, 0, 'avi', 1, '0000-00-00 00:00:00', 1),
(730, 'Killer Elite', NULL, NULL, NULL, 1, 'avi', 1, '0000-00-00 00:00:00', 2),
(731, 'Killing Hasselhoff', NULL, NULL, NULL, 0, 'avi', 1, '0000-00-00 00:00:00', 1),
(732, 'King Kong', NULL, NULL, NULL, 1, 'avi', 1, '0000-00-00 00:00:00', 1),
(733, 'King Rising - Au Nom Du Roi', NULL, NULL, NULL, 1, 'avi', 1, '0000-00-00 00:00:00', 1),
(734, 'Kingdom Of War', NULL, NULL, NULL, 1, 'avi', 1, '0000-00-00 00:00:00', 3),
(735, 'Kingsman - Le Cercle d''or', NULL, NULL, NULL, 0, 'avi', 1, '0000-00-00 00:00:00', 1),
(736, 'Kingsman', NULL, NULL, NULL, 1, 'avi', 1, '0000-00-00 00:00:00', 2),
(737, 'Kinta 1881 aux sources du combat', NULL, NULL, NULL, 0, 'avi', 1, '0000-00-00 00:00:00', 2),
(738, 'Kirikou Et La Sorciere', NULL, NULL, NULL, 1, 'avi', 3, '0000-00-00 00:00:00', 3),
(739, 'Kirikou et les Betes Sauvages', NULL, NULL, NULL, 0, 'avi', 3, '0000-00-00 00:00:00', 4),
(740, 'Kirikou et Les Hommes et Les Femmes', NULL, NULL, NULL, 0, 'avi', 3, '0000-00-00 00:00:00', 4),
(741, 'Kiss & Kill', NULL, NULL, NULL, 1, 'avi', 1, '0000-00-00 00:00:00', 3),
(742, 'Kite', NULL, NULL, NULL, 0, 'avi', 1, '0000-00-00 00:00:00', 1),
(743, 'Knock Knock', NULL, NULL, NULL, 0, 'mkv', 1, '0000-00-00 00:00:00', 1),
(744, 'Knockout - Ultimate Experience', NULL, NULL, NULL, 1, 'avi', 1, '0000-00-00 00:00:00', 2),
(745, 'Knockout', NULL, NULL, NULL, 0, 'avi', 1, '0000-00-00 00:00:00', 4),
(746, 'Kubo et l''Armure Magique', NULL, NULL, NULL, 1, 'avi', 2, '0000-00-00 00:00:00', 4),
(747, 'Kung Fu Jungle', NULL, NULL, NULL, 0, 'avi', 1, '0000-00-00 00:00:00', 4),
(748, 'Kung Fu Master', NULL, NULL, NULL, 0, 'avi', 1, '0000-00-00 00:00:00', 4),
(749, 'Kung Fu Panda - Bonnes Fêtes', NULL, NULL, NULL, 1, 'avi', 2, '0000-00-00 00:00:00', 2),
(750, 'Kung Fu Panda - Les Secrets des Cinq Cyclones', NULL, NULL, NULL, 1, 'avi', 2, '0000-00-00 00:00:00', 1),
(751, 'Kung Fu Panda 2', NULL, NULL, NULL, 1, 'avi', 2, '0000-00-00 00:00:00', 3),
(752, 'Kung Fu Panda 3', NULL, NULL, NULL, 1, 'avi', 2, '0000-00-00 00:00:00', 4),
(753, 'Kung Fu Panda', NULL, NULL, NULL, 1, 'avi', 2, '0000-00-00 00:00:00', 1),
(754, 'L’Agence TF', NULL, NULL, NULL, 0, 'avi', 1, '0000-00-00 00:00:00', 4),
(755, 'La 7ème Companie au Clair de Lune', NULL, NULL, NULL, 1, 'avi', 1, '0000-00-00 00:00:00', 1),
(756, 'La Bataille d''Angleterre', NULL, NULL, NULL, 0, 'avi', 1, '0000-00-00 00:00:00', 4),
(757, 'La Bataille de Passchendaele', NULL, NULL, NULL, 0, 'mkv', 1, '0000-00-00 00:00:00', 2),
(758, 'La Bataille des Ardennes', NULL, NULL, NULL, 0, 'avi', 1, '0000-00-00 00:00:00', 4),
(759, 'La Bataille Géante de Boules de Neiges', NULL, NULL, NULL, 0, 'avi', 2, '0000-00-00 00:00:00', 1),
(760, 'La Bataille Pour Anzio', NULL, NULL, NULL, 0, 'avi', 1, '0000-00-00 00:00:00', 4),
(761, 'La Belle et la Bête', NULL, NULL, NULL, 0, 'avi', 1, '0000-00-00 00:00:00', 4),
(762, 'La Chute de la Maison Blanche', NULL, NULL, NULL, 1, 'avi', 1, '0000-00-00 00:00:00', 2),
(763, 'La Chute de Londres', NULL, NULL, NULL, 0, 'avi', 1, '0000-00-00 00:00:00', 4),
(764, 'La Chute Du Faucon Noir', NULL, NULL, NULL, 1, 'avi', 1, '0000-00-00 00:00:00', 1),
(765, 'La Cité de la Peur', NULL, NULL, NULL, 1, 'avi', 1, '0000-00-00 00:00:00', 1),
(766, 'La Cité de l''Ombre', NULL, NULL, NULL, 0, 'avi', 1, '0000-00-00 00:00:00', 3),
(767, 'La Cité Interdite', NULL, NULL, NULL, 1, 'avi', 1, '0000-00-00 00:00:00', 3),
(768, 'La Citée des Anges', NULL, NULL, NULL, 1, 'avi', 1, '0000-00-00 00:00:00', 1),
(769, 'La Colère des Titans', NULL, NULL, NULL, 1, 'avi', 1, '0000-00-00 00:00:00', 2),
(770, 'La Colère d''un Homme Patient', NULL, NULL, NULL, 0, 'mkv', 1, '0000-00-00 00:00:00', 1),
(771, 'La Course aux Jouets', NULL, NULL, NULL, 1, 'avi', 1, '0000-00-00 00:00:00', 1),
(772, 'La Derniere Légion', NULL, NULL, NULL, 0, 'avi', 1, '0000-00-00 00:00:00', 1),
(773, 'La Doublure', NULL, NULL, NULL, 1, 'avi', 1, '0000-00-00 00:00:00', 1),
(774, 'La Famille Addams', NULL, NULL, NULL, 1, 'avi', 1, '0000-00-00 00:00:00', 2),
(775, 'La Famille Bélier', NULL, NULL, NULL, 1, 'avi', 1, '0000-00-00 00:00:00', 4),
(776, 'La Ferme En Folie', NULL, NULL, NULL, 0, 'avi', 2, '0000-00-00 00:00:00', 3),
(777, 'La Ferme Se Rebelle', NULL, NULL, NULL, 1, 'avi', 2, '0000-00-00 00:00:00', 2),
(778, 'La Fièvre Du Samedi Soir', NULL, NULL, NULL, 1, 'avi', 1, '0000-00-00 00:00:00', 1),
(779, 'La Fin des Temps', NULL, NULL, NULL, 1, 'mp4', 1, '0000-00-00 00:00:00', 4),
(780, 'La Firme', NULL, NULL, NULL, 0, 'avi', 1, '0000-00-00 00:00:00', 4),
(781, 'La Folie des Grandeurs', NULL, NULL, NULL, 0, 'avi', 1, '0000-00-00 00:00:00', 1),
(782, 'La Folle Histoire de Max et Leon', NULL, NULL, NULL, 0, 'mkv', 1, '0000-00-00 00:00:00', 1),
(783, 'La Folle Journee de Ferris Bueller', NULL, NULL, NULL, 0, 'avi', 1, '0000-00-00 00:00:00', 4),
(784, 'La Forêt Contre Attaque', NULL, NULL, NULL, 0, 'avi', 1, '0000-00-00 00:00:00', 4),
(785, 'La Grande Aventure Lego', NULL, NULL, NULL, 1, 'avi', 2, '0000-00-00 00:00:00', 4),
(786, 'La Grande Evasion', NULL, NULL, NULL, 0, 'avi', 1, '0000-00-00 00:00:00', 4),
(787, 'La Grande Muraille', NULL, NULL, NULL, 1, 'avi', 1, '0000-00-00 00:00:00', 1),
(788, 'La Grande Vadrouille', NULL, NULL, NULL, 1, 'avi', 1, '0000-00-00 00:00:00', 1),
(789, 'La Guerre des Boutons V1', NULL, NULL, NULL, 1, 'avi', 1, '0000-00-00 00:00:00', 3),
(790, 'La Guerre des Boutons V2011', NULL, NULL, NULL, 1, 'avi', 1, '0000-00-00 00:00:00', 3),
(791, 'La Guerre des Boutons Vieux', NULL, NULL, NULL, 0, 'avi', 1, '0000-00-00 00:00:00', 1),
(792, 'La Guerre Des Mondes', NULL, NULL, NULL, 1, 'avi', 1, '0000-00-00 00:00:00', 1),
(793, 'La Jeune Fille de l''Eau', NULL, NULL, NULL, 0, 'avi', 1, '0000-00-00 00:00:00', 1),
(794, 'La Jungle', NULL, NULL, NULL, 0, 'avi', 1, '0000-00-00 00:00:00', 1),
(795, 'La Légende de Manolo', NULL, NULL, NULL, 0, 'avi', 2, '0000-00-00 00:00:00', 1),
(796, 'La Légende de Zorro', NULL, NULL, NULL, 1, 'mp4', 1, '0000-00-00 00:00:00', 3),
(797, 'La Ligne Rouge', NULL, NULL, NULL, 0, 'avi', 1, '0000-00-00 00:00:00', 4),
(798, 'La Ligne Verte', NULL, NULL, NULL, 0, 'avi', 1, '0000-00-00 00:00:00', 3),
(799, 'La Maison du Bonheur', NULL, NULL, NULL, 1, 'avi', 1, '0000-00-00 00:00:00', 1),
(800, 'La Mémoire dans la Peau (1)', NULL, NULL, NULL, 1, 'avi', 1, '0000-00-00 00:00:00', 1),
(801, 'La Momie (New)', NULL, NULL, NULL, 1, 'avi', 1, '0000-00-00 00:00:00', 1),
(802, 'La Momie 1', NULL, NULL, NULL, 1, 'avi', 1, '0000-00-00 00:00:00', 1),
(803, 'La Momie 2 - Le Retour', NULL, NULL, NULL, 1, 'avi', 1, '0000-00-00 00:00:00', 1),
(804, 'La Momie 3 - Le Tombeau De L''Empereur Dragon', NULL, NULL, NULL, 1, 'avi', 1, '0000-00-00 00:00:00', 1),
(805, 'La Mort Dans La Peau (2)', NULL, NULL, NULL, 1, 'avi', 1, '0000-00-00 00:00:00', 1),
(806, 'La Mouche', NULL, NULL, NULL, 0, 'avi', 1, '0000-00-00 00:00:00', 4),
(807, 'La Neuvieme Porte', NULL, NULL, NULL, 1, 'avi', 1, '0000-00-00 00:00:00', 1),
(808, 'La Nuit au Musée 2', NULL, NULL, NULL, 1, 'avi', 1, '0000-00-00 00:00:00', 1),
(809, 'La Nuit au Musée', NULL, NULL, NULL, 1, 'avi', 1, '0000-00-00 00:00:00', 1),
(810, 'La Petite Sirène 2 - Retour à l''Océan', NULL, NULL, NULL, 1, 'avi', 3, '0000-00-00 00:00:00', 4),
(811, 'La Planète des Singes - l''Affrontement', NULL, NULL, NULL, 0, 'avi', 1, '0000-00-00 00:00:00', 4),
(812, 'La Planète des Singes - Les Origines', NULL, NULL, NULL, 0, 'avi', 1, '0000-00-00 00:00:00', 3),
(813, 'La Planète des Singes - Suprématie', NULL, NULL, NULL, 0, 'mkv', 1, '0000-00-00 00:00:00', 1),
(814, 'La Planète des Singes', NULL, NULL, NULL, 1, 'avi', 1, '0000-00-00 00:00:00', 1),
(815, 'La Princesse et la Grenouille', NULL, NULL, NULL, 1, 'avi', 3, '0000-00-00 00:00:00', 3),
(816, 'La Prophetie des Ombres', NULL, NULL, NULL, 0, 'avi', 1, '0000-00-00 00:00:00', 3),
(817, 'La Proposition', NULL, NULL, NULL, 1, 'avi', 1, '0000-00-00 00:00:00', 1),
(818, 'La Rage Au Ventre', NULL, NULL, NULL, 0, 'mkv', 1, '0000-00-00 00:00:00', 2),
(819, 'La Rançon', NULL, NULL, NULL, 0, 'avi', 1, '0000-00-00 00:00:00', 4),
(820, 'La Reine des Neiges', NULL, NULL, NULL, 1, 'avi', 2, '0000-00-00 00:00:00', 2),
(821, 'La Route d''Eldorado', NULL, NULL, NULL, 1, 'avi', 3, '0000-00-00 00:00:00', 3),
(822, 'La Rupture', NULL, NULL, NULL, 0, 'avi', 1, '0000-00-00 00:00:00', 3),
(823, 'La Soupe Aux Choux', NULL, NULL, NULL, 1, 'mkv', 1, '0000-00-00 00:00:00', 4),
(824, 'La Strategie De L''Echec', NULL, NULL, NULL, 0, 'avi', 1, '0000-00-00 00:00:00', 4),
(825, 'La Stratégie Ender', NULL, NULL, NULL, 1, 'avi', 1, '0000-00-00 00:00:00', 2),
(826, 'La Tortue Rouge', NULL, NULL, NULL, 0, 'mkv', 3, '0000-00-00 00:00:00', 1),
(827, 'La Tour 2 Controle Infernale', NULL, NULL, NULL, 0, 'mkv', 1, '0000-00-00 00:00:00', 1),
(828, 'La Tour Montparnasse Infernale', NULL, NULL, NULL, 1, 'avi', 1, '0000-00-00 00:00:00', 1),
(829, 'La Tour Sombre', NULL, NULL, NULL, 0, 'mkv', 1, '0000-00-00 00:00:00', 1),
(830, 'La Vengeance dans la Peau (3)', NULL, NULL, NULL, 1, 'avi', 1, '0000-00-00 00:00:00', 1),
(831, 'La Vengeance du Petit Chaperon Rouge', NULL, NULL, NULL, 1, 'avi', 2, '0000-00-00 00:00:00', 4),
(832, 'La Véritable Histoire du Petit Chaperon Rouge', NULL, NULL, NULL, 1, 'avi', 2, '0000-00-00 00:00:00', 1),
(833, 'La Verite si Je Mens 2', NULL, NULL, NULL, 0, 'avi', 1, '0000-00-00 00:00:00', 1),
(834, 'La Verite si Je Mens 3', NULL, NULL, NULL, 0, 'avi', 1, '0000-00-00 00:00:00', 1),
(835, 'La Verite si Je Mens', NULL, NULL, NULL, 1, 'avi', 1, '0000-00-00 00:00:00', 1),
(836, 'La Zizanie', NULL, NULL, NULL, 0, 'avi', 1, '0000-00-00 00:00:00', 4),
(837, 'L''Abominable Verité', NULL, NULL, NULL, 1, 'avi', 1, '0000-00-00 00:00:00', 1),
(838, 'Ladykillers', NULL, NULL, NULL, 1, 'avi', 1, '0000-00-00 00:00:00', 3),
(839, 'L''Affaire Pélican', NULL, NULL, NULL, 0, 'avi', 1, '0000-00-00 00:00:00', 4),
(840, 'L''Age de Glace 1', NULL, NULL, NULL, 1, 'avi', 2, '0000-00-00 00:00:00', 1),
(841, 'L''Age de Glace 2', NULL, NULL, NULL, 1, 'avi', 2, '0000-00-00 00:00:00', 1),
(842, 'L''Age de Glace 3', NULL, NULL, NULL, 1, 'avi', 2, '0000-00-00 00:00:00', 1),
(843, 'L''Age de Glace 4 - La Dérive Des Continents', NULL, NULL, NULL, 1, 'avi', 2, '0000-00-00 00:00:00', 2),
(844, 'L''Age de Glace 5 - Les Lois de l''Univers', NULL, NULL, NULL, 1, 'avi', 2, '0000-00-00 00:00:00', 4),
(845, 'L''Agence Tout Risque', NULL, NULL, NULL, 1, 'avi', 1, '0000-00-00 00:00:00', 3),
(846, 'L''Agence', NULL, NULL, NULL, 0, 'avi', 1, '0000-00-00 00:00:00', 1),
(847, 'Là-Haut', NULL, NULL, NULL, 1, 'avi', 2, '0000-00-00 00:00:00', 1),
(848, 'L''Aile Ou La Cuisse', NULL, NULL, NULL, 1, 'avi', 1, '0000-00-00 00:00:00', 1),
(849, 'L''Amour c''est Mieux à Deux', NULL, NULL, NULL, 0, 'avi', 1, '0000-00-00 00:00:00', 4),
(850, 'L''an 1 - Des Débuts Difficiles', NULL, NULL, NULL, 0, 'avi', 1, '0000-00-00 00:00:00', 1),
(851, 'L''Apprenti Sorcier', NULL, NULL, NULL, 1, 'avi', 1, '0000-00-00 00:00:00', 3),
(852, 'Largo Winch 2', NULL, NULL, NULL, 0, 'avi', 1, '0000-00-00 00:00:00', 3),
(853, 'L''Arme Fatale 1', NULL, NULL, NULL, 1, 'avi', 1, '0000-00-00 00:00:00', 3),
(854, 'L''Arme Fatale 2', NULL, NULL, NULL, 1, 'avi', 1, '0000-00-00 00:00:00', 3),
(855, 'L''Arme Fatale 3', NULL, NULL, NULL, 1, 'avi', 1, '0000-00-00 00:00:00', 3),
(856, 'L''Arme Fatale 4', NULL, NULL, NULL, 1, 'avi', 1, '0000-00-00 00:00:00', 3),
(857, 'L''Armée des Morts', NULL, NULL, NULL, 1, 'avi', 1, '0000-00-00 00:00:00', 1),
(858, 'L''Arnacoeur', NULL, NULL, NULL, 1, 'avi', 1, '0000-00-00 00:00:00', 1),
(859, 'L''As des As', NULL, NULL, NULL, 0, 'avi', 1, '0000-00-00 00:00:00', 4),
(860, 'Las Vegas 21', NULL, NULL, NULL, 1, 'avi', 1, '0000-00-00 00:00:00', 1),
(861, 'L''Associé du Diable', NULL, NULL, NULL, 1, 'avi', 1, '0000-00-00 00:00:00', 3),
(862, 'Last Action Hero', NULL, NULL, NULL, 1, 'avi', 1, '0000-00-00 00:00:00', 2),
(863, 'Last Vegas', NULL, NULL, NULL, 0, 'avi', 1, '0000-00-00 00:00:00', 2),
(864, 'L''Attaque du Métro 123', NULL, NULL, NULL, 1, 'avi', 1, '0000-00-00 00:00:00', 1),
(865, 'L''Aube Rouge', NULL, NULL, NULL, 0, 'mkv', 1, '0000-00-00 00:00:00', 4),
(866, 'L''Auberge Espagnole', NULL, NULL, NULL, 1, 'avi', 1, '0000-00-00 00:00:00', 1),
(867, 'Layer Cake', NULL, NULL, NULL, 0, 'avi', 1, '0000-00-00 00:00:00', 4),
(868, 'Le 5ème commandement', NULL, NULL, NULL, 0, 'avi', 1, '0000-00-00 00:00:00', 2),
(869, 'Le Baiser Mortel du Dragon', NULL, NULL, NULL, 1, 'avi', 1, '0000-00-00 00:00:00', 1),
(870, 'Le Bon Gros Géant', NULL, NULL, NULL, 1, 'mkv', 2, '0000-00-00 00:00:00', 4),
(871, 'Le Bon, la Brute et Le Cinglé', NULL, NULL, NULL, 1, 'avi', 1, '0000-00-00 00:00:00', 1),
(872, 'Le Bon, la Brute et le Truand', NULL, NULL, NULL, 1, 'avi', 1, '0000-00-00 00:00:00', 1),
(873, 'Le Bossu', NULL, NULL, NULL, 1, 'avi', 1, '0000-00-00 00:00:00', 2),
(874, 'Le Boulet', NULL, NULL, NULL, 0, 'avi', 1, '0000-00-00 00:00:00', 3),
(875, 'Le Bras de Fer', NULL, NULL, NULL, 1, 'avi', 1, '0000-00-00 00:00:00', 1),
(876, 'Le Bruit Des Glaçons', NULL, NULL, NULL, 0, 'avi', 1, '0000-00-00 00:00:00', 3),
(877, 'Le Casse De Central Park', NULL, NULL, NULL, 1, 'avi', 1, '0000-00-00 00:00:00', 4),
(878, 'Le Cercle Des Poêtes Disparus', NULL, NULL, NULL, 0, 'avi', 1, '0000-00-00 00:00:00', 3),
(879, 'Le Cerveau', NULL, NULL, NULL, 1, 'avi', 1, '0000-00-00 00:00:00', 1),
(880, 'Le Chant de la Mer', NULL, NULL, NULL, 1, 'avi', 3, '0000-00-00 00:00:00', 1),
(881, 'Le Chasseur de Primes', NULL, NULL, NULL, 1, 'avi', 1, '0000-00-00 00:00:00', 1),
(882, 'Le Chat Potté - Les 3 Petits Diables', NULL, NULL, NULL, 1, 'avi', 2, '0000-00-00 00:00:00', 2),
(883, 'Le Chat Potté', NULL, NULL, NULL, 1, 'avi', 2, '0000-00-00 00:00:00', 3),
(884, 'Le Chateau Ambulant', NULL, NULL, NULL, 1, 'avi', 3, '0000-00-00 00:00:00', 4),
(885, 'Le Chateau Dans Le Ciel', NULL, NULL, NULL, 1, 'avi', 3, '0000-00-00 00:00:00', 1),
(886, 'Le Choc Des Titans', NULL, NULL, NULL, 1, 'avi', 1, '0000-00-00 00:00:00', 3),
(887, 'Le Cinquième Elément', NULL, NULL, NULL, 1, 'avi', 1, '0000-00-00 00:00:00', 1),
(888, 'Le Clan Des Siciliens', NULL, NULL, NULL, 0, 'avi', 1, '0000-00-00 00:00:00', 4),
(889, 'Le Client', NULL, NULL, NULL, 0, 'avi', 1, '0000-00-00 00:00:00', 4),
(890, 'Le Clown', NULL, NULL, NULL, 1, 'avi', 1, '0000-00-00 00:00:00', 2),
(891, 'Le Collectionneur', NULL, NULL, NULL, 0, 'AVI', 1, '0000-00-00 00:00:00', 3),
(892, 'Le Come-Back', NULL, NULL, NULL, 1, 'avi', 1, '0000-00-00 00:00:00', 4),
(893, 'Le Conte de la Princesse Kaguya', NULL, NULL, NULL, 0, 'mkv', 3, '0000-00-00 00:00:00', 4),
(894, 'Le Contrat (Schwarzy)', NULL, NULL, NULL, 1, 'avi', 1, '0000-00-00 00:00:00', 2),
(895, 'Le Contrat', NULL, NULL, NULL, 0, 'avi', 1, '0000-00-00 00:00:00', 3),
(896, 'Le Corniaud', NULL, NULL, NULL, 1, 'avi', 1, '0000-00-00 00:00:00', 1),
(897, 'Le Créateur', NULL, NULL, NULL, 0, 'avi', 1, '0000-00-00 00:00:00', 2),
(898, 'Le Crime Farpait', NULL, NULL, NULL, 0, 'avi', 1, '0000-00-00 00:00:00', 1),
(899, 'Le Crocodile Du Botswanga', NULL, NULL, NULL, 0, 'avi', 1, '0000-00-00 00:00:00', 4),
(900, 'Le Dernier des Mohicans ', NULL, NULL, NULL, 1, 'avi', 1, '0000-00-00 00:00:00', 3),
(901, 'Le Dernier des Templiers', NULL, NULL, NULL, 1, 'avi', 1, '0000-00-00 00:00:00', 3),
(902, 'Le Dernier Maître de l''Air', NULL, NULL, NULL, 1, 'avi', 1, '0000-00-00 00:00:00', 3),
(903, 'Le Dernier Pub Avant La Fin Du Monde', NULL, NULL, NULL, 1, 'avi', 1, '0000-00-00 00:00:00', 2),
(904, 'Le Dernier Rempart', NULL, NULL, NULL, 1, 'avi', 1, '0000-00-00 00:00:00', 2),
(905, 'Le Dernier Royaume', NULL, NULL, NULL, 0, 'avi', 1, '0000-00-00 00:00:00', 4),
(906, 'Le Dernier Samaritain', NULL, NULL, NULL, 0, 'avi', 1, '0000-00-00 00:00:00', 1),
(907, 'Le Dernier Samourai', NULL, NULL, NULL, 1, 'avi', 1, '0000-00-00 00:00:00', 1),
(908, 'Le Dernier Train Pour Busan', NULL, NULL, NULL, 0, 'mkv', 1, '0000-00-00 00:00:00', 1),
(909, 'Le Diable s''Habille En Prada', NULL, NULL, NULL, 0, 'avi', 1, '0000-00-00 00:00:00', 1),
(910, 'Le Dictateur', NULL, NULL, NULL, 1, 'avi', 1, '0000-00-00 00:00:00', 2),
(911, 'Le Diner de Con', NULL, NULL, NULL, 1, 'avi', 1, '0000-00-00 00:00:00', 1),
(912, 'Le Discours d''un Roi', NULL, NULL, NULL, 0, 'avi', 1, '0000-00-00 00:00:00', 2),
(913, 'Le Drole le Noël de Scrooge', NULL, NULL, NULL, 1, 'avi', 1, '0000-00-00 00:00:00', 3),
(914, 'Le Fabuleux Destin d''Amélie Poulain', NULL, NULL, NULL, 1, 'avi', 1, '0000-00-00 00:00:00', 1),
(915, 'Le Fantome de Mon Ex-Fiancée', NULL, NULL, NULL, 0, 'avi', 1, '0000-00-00 00:00:00', 1),
(916, 'Le Fils A Jo', NULL, NULL, NULL, 0, 'avi', 1, '0000-00-00 00:00:00', 4),
(917, 'Le Flic de Beverly Hills 1', NULL, NULL, NULL, 0, 'avi', 1, '0000-00-00 00:00:00', 1),
(918, 'Le Flic de Beverly Hills 2', NULL, NULL, NULL, 0, 'avi', 1, '0000-00-00 00:00:00', 1),
(919, 'Le Flingueur', NULL, NULL, NULL, 1, 'avi', 1, '0000-00-00 00:00:00', 3),
(920, 'Le Fugitif', NULL, NULL, NULL, 0, 'avi', 1, '0000-00-00 00:00:00', 2),
(921, 'Le Geant de Fer', NULL, NULL, NULL, 1, 'avi', 3, '0000-00-00 00:00:00', 4),
(922, 'Le Gendarme a New-York', NULL, NULL, NULL, 0, 'avi', 1, '0000-00-00 00:00:00', 1),
(923, 'Le Gendarme de Saint-Tropez', NULL, NULL, NULL, 1, 'avi', 1, '0000-00-00 00:00:00', 1),
(924, 'Le Gendarme en Balade (1970)', NULL, NULL, NULL, 0, 'avi', 1, '0000-00-00 00:00:00', 1),
(925, 'Le Grand Bleu', NULL, NULL, NULL, 0, 'MP4', 1, '0000-00-00 00:00:00', 1),
(926, 'Le Grand Blond Avec Une Chaussure Noire', NULL, NULL, NULL, 1, 'avi', 1, '0000-00-00 00:00:00', 1),
(927, 'Le Grand Méchant Renard et Autres Contes', NULL, NULL, NULL, 0, 'avi', 1, '0000-00-00 00:00:00', 1),
(928, 'Le Grinch', NULL, NULL, NULL, 1, 'avi', 1, '0000-00-00 00:00:00', 1),
(929, 'Le Hobbit - Un Voyage Inattendu', NULL, NULL, NULL, 1, 'avi', 1, '0000-00-00 00:00:00', 4),
(930, 'Le Hobbit 2 - La Désolation de Smaug', NULL, NULL, NULL, 1, 'avi', 1, '0000-00-00 00:00:00', 2),
(931, 'Le Hobbit 3 - La Bataille des 5 Armées', NULL, NULL, NULL, 1, 'avi', 1, '0000-00-00 00:00:00', 4),
(932, 'Le Jaguar', NULL, NULL, NULL, 1, 'avi', 1, '0000-00-00 00:00:00', 3),
(933, 'Le Jour le Plus Long', NULL, NULL, NULL, 1, 'mkv', 1, '0000-00-00 00:00:00', 4),
(934, 'Le Jour ou la Terre s''Arrêta', NULL, NULL, NULL, 1, 'avi', 1, '0000-00-00 00:00:00', 3),
(935, 'Le Labyrinthe', NULL, NULL, NULL, 1, 'avi', 1, '0000-00-00 00:00:00', 3),
(936, 'Le Livre d''Eli', NULL, NULL, NULL, 1, 'avi', 1, '0000-00-00 00:00:00', 3),
(937, 'Le Lorax', NULL, NULL, NULL, 1, 'avi', 2, '0000-00-00 00:00:00', 2),
(938, 'Le Loup de Wall Street', NULL, NULL, NULL, 1, 'avi', 1, '0000-00-00 00:00:00', 2),
(939, 'Le Mac', NULL, NULL, NULL, 1, 'avi', 1, '0000-00-00 00:00:00', 3),
(940, 'Le Magnifique', NULL, NULL, NULL, 0, 'avi', 1, '0000-00-00 00:00:00', 4),
(941, 'Le Maître d''Armes', NULL, NULL, NULL, 1, 'avi', 1, '0000-00-00 00:00:00', 3),
(942, 'Le Majordome', NULL, NULL, NULL, 0, 'avi', 1, '0000-00-00 00:00:00', 1),
(943, 'Le Manoir Magique', NULL, NULL, NULL, 1, 'avi', 2, '0000-00-00 00:00:00', 4),
(944, 'Le Marginal', NULL, NULL, NULL, 0, 'avi', 1, '0000-00-00 00:00:00', 4),
(945, 'Le Mariage de Raiponce', NULL, NULL, NULL, 1, 'avi', 2, '0000-00-00 00:00:00', 2),
(946, 'Le Masque de l''Araignée', NULL, NULL, NULL, 0, 'avi', 1, '0000-00-00 00:00:00', 2),
(947, 'Le Masque de Zorro', NULL, NULL, NULL, 1, 'avi', 1, '0000-00-00 00:00:00', 3),
(948, 'Le Missionnaire', NULL, NULL, NULL, 0, 'avi', 1, '0000-00-00 00:00:00', 3),
(949, 'Le Monde de Dory', NULL, NULL, NULL, 1, 'avi', 2, '0000-00-00 00:00:00', 4),
(950, 'Le Monde De Narnia Chapitre 1 - Le Lion La Sorcière Blanche et l''Armoire Magique', NULL, NULL, NULL, 1, 'avi', 1, '0000-00-00 00:00:00', 1),
(951, 'Le Monde De Narnia Chapitre 2 - Le Prince Caspian', NULL, NULL, NULL, 1, 'avi', 1, '0000-00-00 00:00:00', 1),
(952, 'Le Monde De Narnia Chapitre 3 - Le Passeur d''Aurore', NULL, NULL, NULL, 1, 'avi', 1, '0000-00-00 00:00:00', 3),
(953, 'Le Monde de Nemo', NULL, NULL, NULL, 1, 'avi', 2, '0000-00-00 00:00:00', 1),
(954, 'Le Monde ne Suffit Pas', NULL, NULL, NULL, 1, 'avi', 1, '0000-00-00 00:00:00', 1),
(955, 'Le Monde Presque Perdu', NULL, NULL, NULL, 1, 'avi', 1, '0000-00-00 00:00:00', 3),
(956, 'Le Mur De L''atlantique', NULL, NULL, NULL, 0, 'avi', 1, '0000-00-00 00:00:00', 3),
(957, 'Le Mytho - Just Go With It', NULL, NULL, NULL, 0, 'avi', 1, '0000-00-00 00:00:00', 2),
(958, 'Le Négociateur', NULL, NULL, NULL, 0, 'avi', 1, '0000-00-00 00:00:00', 2),
(959, 'Le Noël De Mickey', NULL, NULL, NULL, 1, 'mkv', 3, '0000-00-00 00:00:00', 1),
(960, 'Le Nom de la Rose', NULL, NULL, NULL, 1, 'avi', 1, '0000-00-00 00:00:00', 1),
(961, 'Le Nombre  23', NULL, NULL, NULL, 1, 'avi', 1, '0000-00-00 00:00:00', 1),
(962, 'Le Nouveau Stagiaire', NULL, NULL, NULL, 0, 'avi', 1, '0000-00-00 00:00:00', 4),
(963, 'Le Pacte Des Loups', NULL, NULL, NULL, 0, 'avi', 1, '0000-00-00 00:00:00', 4),
(964, 'Le Pacte', NULL, NULL, NULL, 0, 'avi', 1, '0000-00-00 00:00:00', 1),
(965, 'Le Parfum', NULL, NULL, NULL, 0, 'avi', 1, '0000-00-00 00:00:00', 1),
(966, 'Le Pere Noël est une ordure', NULL, NULL, NULL, 1, 'avi', 1, '0000-00-00 00:00:00', 3),
(967, 'Le Petit Dinosaure et La Vallée Des Merveilles', NULL, NULL, NULL, 1, 'avi', 3, '0000-00-00 00:00:00', 1),
(968, 'Le Petit Locataire', NULL, NULL, NULL, 0, 'avi', 1, '0000-00-00 00:00:00', 1),
(969, 'Le Petit Monde de Charlie', NULL, NULL, NULL, 1, 'avi', 1, '0000-00-00 00:00:00', 3),
(970, 'Le Petit Nicolas', NULL, NULL, NULL, 0, 'avi', 1, '0000-00-00 00:00:00', 1),
(971, 'Le Petit Prince', NULL, NULL, NULL, 0, 'avi', 2, '0000-00-00 00:00:00', 4),
(972, 'Le Placard', NULL, NULL, NULL, 1, 'avi', 1, '0000-00-00 00:00:00', 1),
(973, 'Le Plan B', NULL, NULL, NULL, 0, 'avi', 1, '0000-00-00 00:00:00', 4),
(974, 'Le Plus Beau Des Combats', NULL, NULL, NULL, 0, 'avi', 1, '0000-00-00 00:00:00', 1),
(975, 'Le Pont de la Riviere Kwai', NULL, NULL, NULL, 0, 'avi', 1, '0000-00-00 00:00:00', 4),
(976, 'Le Pont des Espions', NULL, NULL, NULL, 0, 'avi', 1, '0000-00-00 00:00:00', 4),
(977, 'Le Prestige', NULL, NULL, NULL, 0, 'avi', 1, '0000-00-00 00:00:00', 3),
(978, 'Le Prince d''Egypte', NULL, NULL, NULL, 0, 'avi', 3, '0000-00-00 00:00:00', 4),
(979, 'Le Prix De La Loyauté', NULL, NULL, NULL, 0, 'avi', 1, '0000-00-00 00:00:00', 1),
(980, 'Le Professeur Foldingue 1', NULL, NULL, NULL, 1, 'avi', 1, '0000-00-00 00:00:00', 3),
(981, 'Le Professeur Foldingue 2', NULL, NULL, NULL, 0, 'avi', 1, '0000-00-00 00:00:00', 3),
(982, 'Le Professionnel', NULL, NULL, NULL, 1, 'avi', 1, '0000-00-00 00:00:00', 4),
(983, 'Le Quart d''Heure Américain', NULL, NULL, NULL, 0, 'avi', 1, '0000-00-00 00:00:00', 4),
(984, 'Le Règne du Feu', NULL, NULL, NULL, 1, 'avi', 1, '0000-00-00 00:00:00', 1),
(985, 'Le Retour de l''Inspecteur Harry', NULL, NULL, NULL, 0, 'mkv', 1, '0000-00-00 00:00:00', 2),
(986, 'Le Roi Arthur - La Légende d''Excalibur', NULL, NULL, NULL, 1, 'avi', 1, '0000-00-00 00:00:00', 1),
(987, 'Le Roi Arthur', NULL, NULL, NULL, 1, 'avi', 1, '0000-00-00 00:00:00', 3),
(988, 'Le Roi Lion 2', NULL, NULL, NULL, 1, 'avi', 3, '0000-00-00 00:00:00', 3),
(989, 'Le Roi Lion 3', NULL, NULL, NULL, 1, 'avi', 3, '0000-00-00 00:00:00', 3),
(990, 'Le Roi Scorpion 3', NULL, NULL, NULL, 1, 'avi', 1, '0000-00-00 00:00:00', 2),
(991, 'Le Roi Scorpion', NULL, NULL, NULL, 1, 'avi', 1, '0000-00-00 00:00:00', 3),
(992, 'Le Royaume de Ga''Hoole - La Légende Des Gardiens', NULL, NULL, NULL, 0, 'avi', 2, '0000-00-00 00:00:00', 4),
(993, 'Le Royaume Interdit', NULL, NULL, NULL, 1, 'avi', 1, '0000-00-00 00:00:00', 3),
(994, 'Le Royaumme', NULL, NULL, NULL, 0, 'avi', 1, '0000-00-00 00:00:00', 1),
(995, 'Le Secret de l''Etoile du Nord', NULL, NULL, NULL, 0, 'avi', 1, '0000-00-00 00:00:00', 4),
(996, 'Le Secret des Poignards Volants', NULL, NULL, NULL, 1, 'avi', 1, '0000-00-00 00:00:00', 1),
(997, 'Le Seigneur des Anneaux 1 - La Communauté de l''Anneau', NULL, NULL, NULL, 1, 'avi', 1, '0000-00-00 00:00:00', 1),
(998, 'Le Seigneur des Anneaux 2 - Les Deux Tours', NULL, NULL, NULL, 1, 'avi', 1, '0000-00-00 00:00:00', 1),
(999, 'Le Seigneur des Anneaux 3 - Le Retour du Roi', NULL, NULL, NULL, 1, 'avi', 1, '0000-00-00 00:00:00', 1),
(1000, 'Le Septième Fils', NULL, NULL, NULL, 1, 'avi', 1, '0000-00-00 00:00:00', 4),
(1001, 'Le Silence des Agneaux', NULL, NULL, NULL, 1, 'avi', 1, '0000-00-00 00:00:00', 1),
(1002, 'Le Telephone Sonne Toujours Deux Fois', NULL, NULL, NULL, 0, 'avi', 1, '0000-00-00 00:00:00', 1),
(1003, 'Le Téléphone Sonne Toujours Deux Fois', NULL, NULL, NULL, 0, 'avi', 1, '0000-00-00 00:00:00', 1),
(1004, 'Le Témoin Amoureux', NULL, NULL, NULL, 1, 'avi', 1, '0000-00-00 00:00:00', 1),
(1005, 'Le Territoire des Loups', NULL, NULL, NULL, 0, 'avi', 1, '0000-00-00 00:00:00', 4),
(1006, 'Le Tout Nouveau Testament', NULL, NULL, NULL, 0, 'avi', 1, '0000-00-00 00:00:00', 4),
(1007, 'Le Transporteur 1', NULL, NULL, NULL, 1, 'avi', 1, '0000-00-00 00:00:00', 1),
(1008, 'Le Transporteur 2', NULL, NULL, NULL, 1, 'avi', 1, '0000-00-00 00:00:00', 1),
(1009, 'Le Transporteur 3', NULL, NULL, NULL, 1, 'avi', 1, '0000-00-00 00:00:00', 1),
(1010, 'Le Transporteur Héritage', NULL, NULL, NULL, 1, 'avi', 1, '0000-00-00 00:00:00', 4),
(1011, 'Le Vent se Lève', NULL, NULL, NULL, 0, 'avi', 1, '0000-00-00 00:00:00', 4),
(1012, 'Le Vieux Qui ne Voulait Pas Payer l''Addition', NULL, NULL, NULL, 0, 'mkv', 1, '0000-00-00 00:00:00', 1),
(1013, 'Le Village', NULL, NULL, NULL, 0, 'avi', 1, '0000-00-00 00:00:00', 4),
(1014, 'Le Voyage d''Arlo', NULL, NULL, NULL, 0, 'avi', 2, '0000-00-00 00:00:00', 4),
(1015, 'Le Voyage de Chihiro', NULL, NULL, NULL, 1, 'avi', 3, '0000-00-00 00:00:00', 1),
(1016, 'L''Effaceur', NULL, NULL, NULL, 0, 'avi', 1, '0000-00-00 00:00:00', 4),
(1017, 'Legend Of The Fist - The Return of Chen Zhen', NULL, NULL, NULL, 1, 'avi', 1, '0000-00-00 00:00:00', 3),
(1018, 'Legendary Assassin', NULL, NULL, NULL, 0, 'avi', 1, '0000-00-00 00:00:00', 2),
(1019, 'Légendes Vivantes', NULL, NULL, NULL, 0, 'mkv', 1, '0000-00-00 00:00:00', 4),
(1020, 'Légion l''Armée des Anges', NULL, NULL, NULL, 1, 'avi', 1, '0000-00-00 00:00:00', 4),
(1021, 'LEGO Ninjago - Le Film', NULL, NULL, NULL, 1, 'avi', 2, '0000-00-00 00:00:00', 1),
(1022, 'L''Elite de Brooklyn', NULL, NULL, NULL, 0, 'avi', 1, '0000-00-00 00:00:00', 3),
(1023, 'L''Embarras du Choix', NULL, NULL, NULL, 0, 'avi', 1, '0000-00-00 00:00:00', 1),
(1024, 'L''Emmerdeur', NULL, NULL, NULL, 0, 'avi', 1, '0000-00-00 00:00:00', 4),
(1025, 'L''Empire Des Loups', NULL, NULL, NULL, 1, 'avi', 1, '0000-00-00 00:00:00', 1),
(1026, 'L''Enfer du Dimanche', NULL, NULL, NULL, 0, 'avi', 1, '0000-00-00 00:00:00', 1),
(1027, 'Leon', NULL, NULL, NULL, 1, 'avi', 1, '0000-00-00 00:00:00', 3),
(1028, 'Les 12 Travaux d''Asterix', NULL, NULL, NULL, 1, 'avi', 3, '0000-00-00 00:00:00', 2),
(1029, 'Les 3 Royaumes', NULL, NULL, NULL, 0, 'avi', 1, '0000-00-00 00:00:00', 1),
(1030, 'Les 4 Fantastiques Et Le Surfeur D''Argent', NULL, NULL, NULL, 1, 'avi', 1, '0000-00-00 00:00:00', 1),
(1031, 'Les 4 Fantastiques', NULL, NULL, NULL, 1, 'avi', 1, '0000-00-00 00:00:00', 1),
(1032, 'Les 5 Légendes', NULL, NULL, NULL, 1, 'avi', 2, '0000-00-00 00:00:00', 2),
(1033, 'Les 7 Mercenaires', NULL, NULL, NULL, 1, 'avi', 1, '0000-00-00 00:00:00', 4),
(1034, 'Les 8 Salopards', NULL, NULL, NULL, 0, 'avi', 1, '0000-00-00 00:00:00', 4),
(1035, 'Les Anges de Boston 2', NULL, NULL, NULL, 0, 'avi', 1, '0000-00-00 00:00:00', 4),
(1036, 'Les Anges de Boston', NULL, NULL, NULL, 0, 'avi', 1, '0000-00-00 00:00:00', 4),
(1037, 'Les Anges Gardiens', NULL, NULL, NULL, 1, 'avi', 1, '0000-00-00 00:00:00', 3),
(1038, 'Les Animaux Fantastiques', NULL, NULL, NULL, 1, 'avi', 1, '0000-00-00 00:00:00', 4),
(1039, 'Les Ardennes', NULL, NULL, NULL, 0, 'avi', 1, '0000-00-00 00:00:00', 1),
(1040, 'Les As de La Jungle - Opération Banquise', NULL, NULL, NULL, 1, 'avi', 2, '0000-00-00 00:00:00', 1),
(1041, 'Les As de la Jungle 2 - Le Trésor du Vieux Jim', NULL, NULL, NULL, 1, 'avi', 2, '0000-00-00 00:00:00', 1),
(1042, 'Les As de la Jungle', NULL, NULL, NULL, 1, 'avi', 2, '0000-00-00 00:00:00', 1),
(1043, 'Les Autres', NULL, NULL, NULL, 0, 'avi', 1, '0000-00-00 00:00:00', 1),
(1044, 'Les Aventures de Rabbi Jacob', NULL, NULL, NULL, 1, 'avi', 1, '0000-00-00 00:00:00', 1),
(1045, 'Les Aventures de Tintin', NULL, NULL, NULL, 1, 'avi', 2, '0000-00-00 00:00:00', 2),
(1046, 'Les Aventures Extraordinaires d''Adèle Blanc-Sec', NULL, NULL, NULL, 0, 'avi', 1, '0000-00-00 00:00:00', 1),
(1047, 'Les Brigades Du Tigre', NULL, NULL, NULL, 0, 'avi', 1, '0000-00-00 00:00:00', 1),
(1048, 'Les Bronzes Font Du Ski', NULL, NULL, NULL, 1, 'avi', 1, '0000-00-00 00:00:00', 2),
(1049, 'Les Bronzés', NULL, NULL, NULL, 1, 'avi', 1, '0000-00-00 00:00:00', 3),
(1050, 'Les Canons de Navarone', NULL, NULL, NULL, 0, 'avi', 1, '0000-00-00 00:00:00', 4),
(1051, 'Les Cavaliers de l''Apocalypse', NULL, NULL, NULL, 1, 'avi', 1, '0000-00-00 00:00:00', 1),
(1052, 'Les Cerveaux', NULL, NULL, NULL, 0, 'avi', 1, '0000-00-00 00:00:00', 4),
(1053, 'Les Chevaliers du Zodiaque - La Légende du Sanctuaire', NULL, NULL, NULL, 0, 'avi', 2, '0000-00-00 00:00:00', 4),
(1054, 'Les Chimpanzés De L''Espace 2', NULL, NULL, NULL, 0, 'avi', 2, '0000-00-00 00:00:00', 1),
(1055, 'Les Chimpanzés De L''Espace', NULL, NULL, NULL, 1, 'avi', 2, '0000-00-00 00:00:00', 3),
(1056, 'Les Choristes', NULL, NULL, NULL, 1, 'avi', 1, '0000-00-00 00:00:00', 3),
(1057, 'Les Chroniques de Riddick', NULL, NULL, NULL, 1, 'avi', 1, '0000-00-00 00:00:00', 1),
(1058, 'Les Compères', NULL, NULL, NULL, 0, 'AVI', 1, '0000-00-00 00:00:00', 4),
(1059, 'Les Contes De Terremer', NULL, NULL, NULL, 0, 'avi', 3, '0000-00-00 00:00:00', 3),
(1060, 'Les Cowboys', NULL, NULL, NULL, 0, 'avi', 1, '0000-00-00 00:00:00', 4),
(1061, 'Les Croods', NULL, NULL, NULL, 1, 'avi', 2, '0000-00-00 00:00:00', 4),
(1062, 'Les Daltons ', NULL, NULL, NULL, 0, 'avi', 1, '0000-00-00 00:00:00', 3),
(1063, 'Les Dents De La Nuit', NULL, NULL, NULL, 0, 'avi', 1, '0000-00-00 00:00:00', 3),
(1064, 'Les Désastreuses Aventures des Orphelins Baudelaire', NULL, NULL, NULL, 1, 'avi', 1, '0000-00-00 00:00:00', 3),
(1065, 'Les Diamants Sont Eternels', NULL, NULL, NULL, 1, 'avi', 1, '0000-00-00 00:00:00', 1),
(1066, 'Les Douze Salopards', NULL, NULL, NULL, 1, 'avi', 1, '0000-00-00 00:00:00', 3),
(1067, 'Les Enigmes de l''Atlantide', NULL, NULL, NULL, 1, 'mp4', 3, '0000-00-00 00:00:00', 1),
(1068, 'Les Evadés', NULL, NULL, NULL, 0, 'avi', 1, '0000-00-00 00:00:00', 3),
(1069, 'Les Femmes de l''Ombre', NULL, NULL, NULL, 0, 'avi', 1, '0000-00-00 00:00:00', 1),
(1070, 'Les Femmes de Ses Rêves', NULL, NULL, NULL, 0, 'avi', 1, '0000-00-00 00:00:00', 1),
(1071, 'Les Flingueuses', NULL, NULL, NULL, 1, 'avi', 1, '0000-00-00 00:00:00', 4),
(1072, 'Les Gamins', NULL, NULL, NULL, 1, 'avi', 1, '0000-00-00 00:00:00', 2),
(1073, 'Les Gardiens de la Galaxie 2', NULL, NULL, NULL, 1, 'mkv', 1, '0000-00-00 00:00:00', 1),
(1074, 'Les Gardiens de la Galaxie', NULL, NULL, NULL, 1, 'avi', 1, '0000-00-00 00:00:00', 4),
(1075, 'Les Goonies', NULL, NULL, NULL, 0, 'avi', 1, '0000-00-00 00:00:00', 1),
(1076, 'Les Hommes Viennent de Mars les Femmes de Venus', NULL, NULL, NULL, 1, 'avi', 1, '0000-00-00 00:00:00', 3),
(1077, 'Les Immortels', NULL, NULL, NULL, 1, 'avi', 1, '0000-00-00 00:00:00', 3),
(1078, 'Les Inconnus - Ze Inconnu Story Cd1', NULL, NULL, NULL, 0, 'avi', 1, '0000-00-00 00:00:00', 1),
(1079, 'Les Inconnus - Ze Inconnu Story Cd2', NULL, NULL, NULL, 0, 'avi', 1, '0000-00-00 00:00:00', 1),
(1080, 'Les Inconnus - Ze Inconnu Story Cd3', NULL, NULL, NULL, 0, 'avi', 1, '0000-00-00 00:00:00', 3),
(1081, 'Les Inconnus - Ze Inconnu Story Cd4', NULL, NULL, NULL, 0, 'avi', 1, '0000-00-00 00:00:00', 3),
(1082, 'Les Indestructibles', NULL, NULL, NULL, 1, 'avi', 2, '0000-00-00 00:00:00', 1),
(1083, 'Les Infidèles', NULL, NULL, NULL, 0, 'avi', 1, '0000-00-00 00:00:00', 4),
(1084, 'Les Infiltrés', NULL, NULL, NULL, 1, 'avi', 1, '0000-00-00 00:00:00', 3),
(1085, 'Les Insurgés', NULL, NULL, NULL, 1, 'avi', 1, '0000-00-00 00:00:00', 1),
(1086, 'Les Joueurs', NULL, NULL, NULL, 0, 'avi', 1, '0000-00-00 00:00:00', 1),
(1087, 'Les Millers', NULL, NULL, NULL, 0, 'avi', 1, '0000-00-00 00:00:00', 4),
(1088, 'Les Minions', NULL, NULL, NULL, 1, 'avi', 2, '0000-00-00 00:00:00', 2),
(1089, 'Les Mondes de Ralph', NULL, NULL, NULL, 1, 'avi', 2, '0000-00-00 00:00:00', 4),
(1090, 'Les Mythos', NULL, NULL, NULL, 0, 'avi', 1, '0000-00-00 00:00:00', 4),
(1091, 'Les Noces Funebres', NULL, NULL, NULL, 0, 'avi', 2, '0000-00-00 00:00:00', 3),
(1092, 'Les Noces Rebelles', NULL, NULL, NULL, 0, 'avi', 1, '0000-00-00 00:00:00', 1),
(1093, 'Les Nouveaux Heros', NULL, NULL, NULL, 1, 'avi', 2, '0000-00-00 00:00:00', 4),
(1094, 'Les Nouvelles Aventures d''Aladin', NULL, NULL, NULL, 0, 'mkv', 1, '0000-00-00 00:00:00', 4),
(1095, 'Les Oubliés', NULL, NULL, NULL, 0, 'mkv', 1, '0000-00-00 00:00:00', 4),
(1096, 'Les Profs 2', NULL, NULL, NULL, 0, 'avi', 1, '0000-00-00 00:00:00', 2),
(1097, 'Les Profs', NULL, NULL, NULL, 1, 'avi', 1, '0000-00-00 00:00:00', 2),
(1098, 'Les Promesses De L''Ombre', NULL, NULL, NULL, 1, 'avi', 1, '0000-00-00 00:00:00', 3),
(1099, 'Les Rebels de La Forêt 2', NULL, NULL, NULL, 1, 'avi', 2, '0000-00-00 00:00:00', 1),
(1100, 'Les Rebels De La Forêt 3', NULL, NULL, NULL, 1, 'avi', 2, '0000-00-00 00:00:00', 4),
(1101, 'Les Rebels De La Forêt', NULL, NULL, NULL, 1, 'avi', 2, '0000-00-00 00:00:00', 4),
(1102, 'Les Rivieres Pourpres 2', NULL, NULL, NULL, 1, 'avi', 1, '0000-00-00 00:00:00', 1),
(1103, 'Les Rivieres Pourpres', NULL, NULL, NULL, 1, 'avi', 1, '0000-00-00 00:00:00', 1),
(1104, 'Les Rois de la Glisse 2', NULL, NULL, NULL, 0, 'avi', 2, '0000-00-00 00:00:00', 4),
(1105, 'Les Rois de la Glisse', NULL, NULL, NULL, 1, 'avi', 2, '0000-00-00 00:00:00', 1),
(1106, 'Les Rois du Désert', NULL, NULL, NULL, 1, 'avi', 1, '0000-00-00 00:00:00', 1),
(1107, 'Les Schtroumpfs', NULL, NULL, NULL, 0, 'avi', 2, '0000-00-00 00:00:00', 4),
(1108, 'Les Seigneurs De La Guerre', NULL, NULL, NULL, 0, 'avi', 1, '0000-00-00 00:00:00', 2),
(1109, 'Les Seigneurs', NULL, NULL, NULL, 1, 'avi', 1, '0000-00-00 00:00:00', 2),
(1110, 'Les Sentiers de la Perdition', NULL, NULL, NULL, 0, 'avi', 1, '0000-00-00 00:00:00', 4),
(1111, 'Les Sept Mercenaires (Vieux)', NULL, NULL, NULL, 0, 'avi', 1, '0000-00-00 00:00:00', 4),
(1112, 'Les Simpsons', NULL, NULL, NULL, 0, 'avi', 3, '0000-00-00 00:00:00', 1),
(1113, 'Les Têtes de l''Emploi', NULL, NULL, NULL, 0, 'mkv', 1, '0000-00-00 00:00:00', 4),
(1114, 'Les Tontons Flingueurs', NULL, NULL, NULL, 0, 'avi', 1, '0000-00-00 00:00:00', 1),
(1115, 'Les Tortues Ninjas - Le Film', NULL, NULL, NULL, 0, 'mkv', 1, '0000-00-00 00:00:00', 1),
(1116, 'Les Trois Frères', NULL, NULL, NULL, 1, 'avi', 1, '0000-00-00 00:00:00', 1),
(1117, 'Les Trois Mousquetaires', NULL, NULL, NULL, 1, 'avi', 1, '0000-00-00 00:00:00', 2),
(1118, 'Les Trolls', NULL, NULL, NULL, 0, 'avi', 2, '0000-00-00 00:00:00', 1),
(1119, 'Les Tuche', NULL, NULL, NULL, 1, 'avi', 1, '0000-00-00 00:00:00', 2),
(1120, 'Les Valeurs de La Famille Adams', NULL, NULL, NULL, 1, 'avi', 1, '0000-00-00 00:00:00', 1),
(1121, 'Les Visiteurs', NULL, NULL, NULL, 1, 'avi', 1, '0000-00-00 00:00:00', 1),
(1122, 'Les Voyages de Gulliver', NULL, NULL, NULL, 1, 'avi', 1, '0000-00-00 00:00:00', 2),
(1123, 'L''Espion Qui m''Aimait', NULL, NULL, NULL, 1, 'avi', 1, '0000-00-00 00:00:00', 1),
(1124, 'L''etrange Noel de Monsieur Jack', NULL, NULL, NULL, 1, 'avi', 2, '0000-00-00 00:00:00', 1),
(1125, 'Let''s Kill Bobby Z', NULL, NULL, NULL, 0, 'avi', 1, '0000-00-00 00:00:00', 4),
(1126, 'Lettres d''Iwo Jima', NULL, NULL, NULL, 0, 'avi', 1, '0000-00-00 00:00:00', 1),
(1127, 'L''Homme au Chevet', NULL, NULL, NULL, 0, 'avi', 1, '0000-00-00 00:00:00', 4),
(1128, 'L''Homme au Masque de Fer', NULL, NULL, NULL, 1, 'avi', 1, '0000-00-00 00:00:00', 1),
(1129, 'L''Homme au Pistolet d''Or', NULL, NULL, NULL, 1, 'avi', 1, '0000-00-00 00:00:00', 1),
(1130, 'L''Homme aux Poings d''Argent', NULL, NULL, NULL, 1, 'avi', 1, '0000-00-00 00:00:00', 2),
(1131, 'L''Honneur du Dragon', NULL, NULL, NULL, 1, 'avi', 1, '0000-00-00 00:00:00', 1),
(1132, 'LIFE - Origine Inconnue', NULL, NULL, NULL, 0, 'avi', 1, '0000-00-00 00:00:00', 1),
(1133, 'L''Ile de Nim', NULL, NULL, NULL, 0, 'avi', 1, '0000-00-00 00:00:00', 1),
(1134, 'L''Ile des Miam-Nimaux', NULL, NULL, NULL, 1, 'avi', 2, '0000-00-00 00:00:00', 4),
(1135, 'L''Illusionniste', NULL, NULL, NULL, 1, 'avi', 1, '0000-00-00 00:00:00', 1),
(1136, 'L''Imaginarium du Docteur Parnassius', NULL, NULL, NULL, 0, 'avi', 1, '0000-00-00 00:00:00', 4),
(1137, 'Limitless', NULL, NULL, NULL, 0, 'avi', 1, '0000-00-00 00:00:00', 1),
(1138, 'L''Immortel', NULL, NULL, NULL, 0, 'avi', 1, '0000-00-00 00:00:00', 3),
(1139, 'L''Incroyable Burt Wonderstone', NULL, NULL, NULL, 0, 'avi', 1, '0000-00-00 00:00:00', 4),
(1140, 'L''Incroyable HULK', NULL, NULL, NULL, 1, 'avi', 1, '0000-00-00 00:00:00', 1),
(1141, 'L''Inspecteur Harry', NULL, NULL, NULL, 0, 'avi', 1, '0000-00-00 00:00:00', 2),
(1142, 'L''inspecteur ne renonce Jamais', NULL, NULL, NULL, 0, 'mkv', 1, '0000-00-00 00:00:00', 2),
(1143, 'Live by Night', NULL, NULL, NULL, 0, 'mkv', 1, '0000-00-00 00:00:00', 1),
(1144, 'Lockout', NULL, NULL, NULL, 1, 'avi', 1, '0000-00-00 00:00:00', 2),
(1145, 'L''Œil du Mal', NULL, NULL, NULL, 1, 'avi', 1, '0000-00-00 00:00:00', 1),
(1146, 'Logan', NULL, NULL, NULL, 0, 'mkv', 1, '0000-00-00 00:00:00', 1),
(1147, 'Lol', NULL, NULL, NULL, 1, 'avi', 1, '0000-00-00 00:00:00', 1),
(1148, 'London Boulevard', NULL, NULL, NULL, 0, 'avi', 1, '0000-00-00 00:00:00', 4),
(1149, 'Lone Ranger', NULL, NULL, NULL, 1, 'avi', 1, '0000-00-00 00:00:00', 4),
(1150, 'Lone Survivor', NULL, NULL, NULL, 1, 'avi', 1, '0000-00-00 00:00:00', 4),
(1151, 'Looper', NULL, NULL, NULL, 1, 'mkv', 1, '0000-00-00 00:00:00', 2),
(1152, 'L''Opération Corned Beef', NULL, NULL, NULL, 0, 'avi', 1, '0000-00-00 00:00:00', 1),
(1153, 'Lord Of The Light', NULL, NULL, NULL, 0, 'avi', 1, '0000-00-00 00:00:00', 4),
(1154, 'Lord Of War', NULL, NULL, NULL, 1, 'avi', 1, '0000-00-00 00:00:00', 1),
(1155, 'Los Angeles 2013', NULL, NULL, NULL, 0, 'avi', 1, '0000-00-00 00:00:00', 4),
(1156, 'Lou ! Journal Infime', NULL, NULL, NULL, 0, 'avi', 1, '0000-00-00 00:00:00', 1),
(1157, 'Love Actually', NULL, NULL, NULL, 1, 'avi', 1, '0000-00-00 00:00:00', 3),
(1158, 'Love, et Autres Drogues', NULL, NULL, NULL, 0, 'avi', 1, '0000-00-00 00:00:00', 1),
(1159, 'Lucas, Fourmi Malgré Lui', NULL, NULL, NULL, 1, 'MP4', 2, '0000-00-00 00:00:00', 4),
(1160, 'Lucy', NULL, NULL, NULL, 1, 'avi', 1, '0000-00-00 00:00:00', 3),
(1161, 'Mr Wolff', '2016-11-02', 'http://fr.web.img3.acsta.net/c_215_290/pictures/16/10/14/15/59/016798.jpg', 'null', 0, 'mkv', 1, '0000-00-00 00:00:00', 1),
(1162, 'Ma Femme s''Appelle Maurice', NULL, NULL, NULL, 1, 'avi', 1, '0000-00-00 00:00:00', 1),
(1163, 'Machete Kills', NULL, NULL, NULL, 1, 'avi', 1, '0000-00-00 00:00:00', 4),
(1164, 'Machete', NULL, NULL, NULL, 1, 'avi', 1, '0000-00-00 00:00:00', 3),
(1165, 'Machine Gun Preacher', NULL, NULL, NULL, 0, 'avi', 1, '0000-00-00 00:00:00', 4),
(1166, 'Mad Max 1', NULL, NULL, NULL, 1, 'avi', 1, '0000-00-00 00:00:00', 1),
(1167, 'Mad Max 2', NULL, NULL, NULL, 1, 'avi', 1, '0000-00-00 00:00:00', 1),
(1168, 'Mad Max 3', NULL, NULL, NULL, 1, 'avi', 1, '0000-00-00 00:00:00', 1),
(1169, 'Mad Max Fury Road', NULL, NULL, NULL, 1, 'avi', 1, '0000-00-00 00:00:00', 4),
(1170, 'Madagascar 2 - Escape to Africa', NULL, NULL, NULL, 1, 'avi', 2, '0000-00-00 00:00:00', 1),
(1171, 'Madagascar 3 - Bons Baisers D''Europe', NULL, NULL, NULL, 1, 'avi', 2, '0000-00-00 00:00:00', 2),
(1172, 'Madagascar', NULL, NULL, NULL, 1, 'avi', 2, '0000-00-00 00:00:00', 1),
(1173, 'Madame Doubtfire', NULL, NULL, NULL, 1, 'AVI', 1, '0000-00-00 00:00:00', 3),
(1174, 'Maggie', NULL, NULL, NULL, 0, 'avi', 1, '0000-00-00 00:00:00', 1),
(1175, 'Magic Mike', NULL, NULL, NULL, 1, 'avi', 1, '0000-00-00 00:00:00', 2),
(1176, 'Mais Ou Est Passé La 7ème Compagnie', NULL, NULL, NULL, 1, 'avi', 1, '0000-00-00 00:00:00', 1),
(1177, 'Mais qui a tué Pamela Rose', NULL, NULL, NULL, 0, 'avi', 1, '0000-00-00 00:00:00', 3),
(1178, 'Malavita', NULL, NULL, NULL, 0, 'avi', 1, '0000-00-00 00:00:00', 2),
(1179, 'Maléfique', NULL, NULL, NULL, 1, 'AVI', 1, '0000-00-00 00:00:00', 3),
(1180, 'Maman J''ai Encore Raté l''Avion', NULL, NULL, NULL, 1, 'avi', 1, '0000-00-00 00:00:00', 1),
(1181, 'Maman J''ai Raté L''avion', NULL, NULL, NULL, 1, 'avi', 1, '0000-00-00 00:00:00', 1),
(1182, 'Man Of Tai Chi', NULL, NULL, NULL, 1, 'avi', 1, '0000-00-00 00:00:00', 4),
(1183, 'Man on Fire', NULL, NULL, NULL, 1, 'flv', 1, '0000-00-00 00:00:00', 1),
(1184, 'Manhattan Samourai', NULL, NULL, NULL, 0, 'avi', 1, '0000-00-00 00:00:00', 2),
(1185, 'Margin Call', NULL, NULL, NULL, 0, 'avi', 1, '0000-00-00 00:00:00', 4),
(1186, 'Marie-Francine', NULL, NULL, NULL, 0, 'mkv', 1, '0000-00-00 00:00:00', 1),
(1187, 'Marley et Moi', NULL, NULL, NULL, 0, 'avi', 1, '0000-00-00 00:00:00', 3),
(1188, 'Mars Attacks', NULL, NULL, NULL, 1, 'avi', 1, '0000-00-00 00:00:00', 3),
(1189, 'Mary A Tout Prix', NULL, NULL, NULL, 1, 'avi', 1, '0000-00-00 00:00:00', 1),
(1190, 'Master & Commander', NULL, NULL, NULL, 0, 'avi', 1, '0000-00-00 00:00:00', 1),
(1191, 'Match Retour', NULL, NULL, NULL, 1, 'avi', 1, '0000-00-00 00:00:00', 2),
(1192, 'Matrix 1', NULL, NULL, NULL, 1, 'avi', 1, '0000-00-00 00:00:00', 1),
(1193, 'Matrix 2 - Reloaded', NULL, NULL, NULL, 1, 'avi', 1, '0000-00-00 00:00:00', 1),
(1194, 'Matrix 3 - Revolution', NULL, NULL, NULL, 1, 'avi', 1, '0000-00-00 00:00:00', 1),
(1195, 'Max La Menace', NULL, NULL, NULL, 1, 'avi', 1, '0000-00-00 00:00:00', 1),
(1196, 'Maxi Papa', NULL, NULL, NULL, 0, 'avi', 1, '0000-00-00 00:00:00', 3),
(1197, 'Mc Canick', NULL, NULL, NULL, 0, 'avi', 1, '0000-00-00 00:00:00', 2),
(1198, 'Mechanic Resurrection', NULL, NULL, NULL, 1, 'avi', 1, '0000-00-00 00:00:00', 4),
(1199, 'Medieval Pie', NULL, NULL, NULL, 0, 'avi', 1, '0000-00-00 00:00:00', 4),
(1200, 'Mega Shark Vs Crocosaurus', NULL, NULL, NULL, 1, 'avi', 1, '0000-00-00 00:00:00', 2),
(1201, 'Mega Shark Vs Giant Octopus', NULL, NULL, NULL, 1, 'avi', 1, '0000-00-00 00:00:00', 2),
(1202, 'Megamind', NULL, NULL, NULL, 1, 'avi', 2, '0000-00-00 00:00:00', 3),
(1203, 'Meilleures Ennemies', NULL, NULL, NULL, 0, 'avi', 1, '0000-00-00 00:00:00', 4),
(1204, 'Memento', NULL, NULL, NULL, 0, 'avi', 1, '0000-00-00 00:00:00', 1),
(1205, 'Men In Black 3', NULL, NULL, NULL, 1, 'avi', 1, '0000-00-00 00:00:00', 2),
(1206, 'Men in Black I', NULL, NULL, NULL, 1, 'avi', 1, '0000-00-00 00:00:00', 1),
(1207, 'Men in Black II', NULL, NULL, NULL, 1, 'avi', 1, '0000-00-00 00:00:00', 1),
(1208, 'Mensonges et Trahisons et Plus si Affinités', NULL, NULL, NULL, 0, 'avi', 1, '0000-00-00 00:00:00', 3),
(1209, 'Menteur Menteur', NULL, NULL, NULL, 1, 'avi', 1, '0000-00-00 00:00:00', 3),
(1210, 'Merantau', NULL, NULL, NULL, 0, 'avi', 1, '0000-00-00 00:00:00', 4),
(1211, 'Mes Meilleures Amies', NULL, NULL, NULL, 0, 'avi', 1, '0000-00-00 00:00:00', 1),
(1212, 'Mes parents mon beau père et nous', NULL, NULL, NULL, 0, 'avi', 1, '0000-00-00 00:00:00', 2),
(1213, 'Mes Trésors', NULL, NULL, NULL, 0, 'avi', 1, '0000-00-00 00:00:00', 1),
(1214, 'Meurs un Autre Jour', NULL, NULL, NULL, 1, 'avi', 1, '0000-00-00 00:00:00', 1),
(1215, 'Meurtre a alcatraz', NULL, NULL, NULL, 0, 'avi', 1, '0000-00-00 00:00:00', 3),
(1216, 'Miami Vice', NULL, NULL, NULL, 1, 'avi', 1, '0000-00-00 00:00:00', 1),
(1217, 'Micmacs A Tire Larigot', NULL, NULL, NULL, 0, 'avi', 1, '0000-00-00 00:00:00', 3),
(1218, 'Mille Mots', NULL, NULL, NULL, 0, 'avi', 1, '0000-00-00 00:00:00', 4),
(1219, 'Milo Sur Mars', NULL, NULL, NULL, 1, 'avi', 2, '0000-00-00 00:00:00', 3),
(1220, 'Mindhorn', NULL, NULL, NULL, 0, 'mkv', 1, '0000-00-00 00:00:00', 1),
(1221, 'Minority Report', NULL, NULL, NULL, 1, 'avi', 1, '0000-00-00 00:00:00', 2),
(1222, 'Minuscule', NULL, NULL, NULL, 1, 'avi', 2, '0000-00-00 00:00:00', 4),
(1223, 'Mise à l''épreuve', NULL, NULL, NULL, 0, 'avi', 1, '0000-00-00 00:00:00', 2),
(1224, 'Mise à Prix 2', NULL, NULL, NULL, 0, 'avi', 1, '0000-00-00 00:00:00', 2),
(1225, 'Mise à Prix', NULL, NULL, NULL, 1, 'avi', 1, '0000-00-00 00:00:00', 1),
(1226, 'Miss March', NULL, NULL, NULL, 0, 'avi', 1, '0000-00-00 00:00:00', 3),
(1227, 'Miss Peregrine et les Enfants Particuliers', NULL, NULL, NULL, 1, 'avi', 1, '0000-00-00 00:00:00', 4),
(1228, 'Mission Evasion', NULL, NULL, NULL, 1, 'avi', 1, '0000-00-00 00:00:00', 4),
(1229, 'Mission Impossible 1', NULL, NULL, NULL, 1, 'avi', 1, '0000-00-00 00:00:00', 1),
(1230, 'Mission Impossible 2', NULL, NULL, NULL, 1, 'avi', 1, '0000-00-00 00:00:00', 1),
(1231, 'Mission Impossible 3', NULL, NULL, NULL, 1, 'avi', 1, '0000-00-00 00:00:00', 1),
(1232, 'Mission Impossible 4 - Protocole Fantome', NULL, NULL, NULL, 1, 'avi', 1, '0000-00-00 00:00:00', 2),
(1233, 'Mission Impossible 5 - Rogue Nation', NULL, NULL, NULL, 1, 'avi', 1, '0000-00-00 00:00:00', 2),
(1234, 'Missionary Man', NULL, NULL, NULL, 0, 'avi', 1, '0000-00-00 00:00:00', 4),
(1235, 'Mister Bean', NULL, NULL, NULL, 1, 'avi', 1, '0000-00-00 00:00:00', 1),
(1236, 'Mi-Temps Au Mitard', NULL, NULL, NULL, 1, 'avi', 1, '0000-00-00 00:00:00', 1),
(1237, 'Moana la Légende du Bout du Monde', NULL, NULL, NULL, 1, 'avi', 2, '0000-00-00 00:00:00', 4),
(1238, 'Mohamed Dubois', NULL, NULL, NULL, 1, 'avi', 1, '0000-00-00 00:00:00', 4),
(1239, 'Moi Moche et Méchant 2', NULL, NULL, NULL, 1, 'avi', 1, '0000-00-00 00:00:00', 4),
(1240, 'Moi Moche et Méchant 3', NULL, NULL, NULL, 1, 'avi', 2, '0000-00-00 00:00:00', 1),
(1241, 'Moi Moche et Méchant', NULL, NULL, NULL, 1, 'avi', 1, '0000-00-00 00:00:00', 3),
(1242, 'Mon Beau-Père et Moi', NULL, NULL, NULL, 1, 'avi', 1, '0000-00-00 00:00:00', 1),
(1243, 'Mon Beau-Père Mes Parents Et Moi', NULL, NULL, NULL, 1, 'avi', 1, '0000-00-00 00:00:00', 1),
(1244, 'Mon Nom est Personne', NULL, NULL, NULL, 1, 'avi', 1, '0000-00-00 00:00:00', 1),
(1245, 'Mon Pire Cauchemar', NULL, NULL, NULL, 1, 'avi', 1, '0000-00-00 00:00:00', 2),
(1246, 'Mon Voisin le Tueur 2', NULL, NULL, NULL, 1, 'avi', 1, '0000-00-00 00:00:00', 1),
(1247, 'Mon Voisin le Tueur', NULL, NULL, NULL, 1, 'avi', 1, '0000-00-00 00:00:00', 1),
(1248, 'Mon Voisin Totoro', NULL, NULL, NULL, 1, 'avi', 3, '0000-00-00 00:00:00', 4),
(1249, 'Mongol', NULL, NULL, NULL, 0, 'avi', 1, '0000-00-00 00:00:00', 3),
(1250, 'Monster House', NULL, NULL, NULL, 1, 'avi', 2, '0000-00-00 00:00:00', 1),
(1251, 'Monster Trucks', NULL, NULL, NULL, 0, 'mkv', 1, '0000-00-00 00:00:00', 1),
(1252, 'Monstres Academy', NULL, NULL, NULL, 1, 'avi', 2, '0000-00-00 00:00:00', 2),
(1253, 'Monstres Et Compagnie', NULL, NULL, NULL, 1, 'avi', 2, '0000-00-00 00:00:00', 1),
(1254, 'Monstres Vs Aliens', NULL, NULL, NULL, 1, 'avi', 2, '0000-00-00 00:00:00', 1),
(1255, 'Moonraker', NULL, NULL, NULL, 1, 'avi', 1, '0000-00-00 00:00:00', 1),
(1256, 'Mords Moi Sans Hésitation', NULL, NULL, NULL, 0, 'avi', 1, '0000-00-00 00:00:00', 4),
(1257, 'Morning Glory', NULL, NULL, NULL, 0, 'avi', 1, '0000-00-00 00:00:00', 3),
(1258, 'Mort ou Vif', NULL, NULL, NULL, 0, 'avi', 1, '0000-00-00 00:00:00', 4),
(1259, 'Mr & Mme Smith', NULL, NULL, NULL, 1, 'avi', 1, '0000-00-00 00:00:00', 1),
(1260, 'Mr Peabody And Sherman', NULL, NULL, NULL, 1, 'avi', 2, '0000-00-00 00:00:00', 2),
(1261, 'Mr Poppers et Ses Pingouins', NULL, NULL, NULL, 0, 'avi', 1, '0000-00-00 00:00:00', 3),
(1262, 'Mune Le Gardien De La Lune', NULL, NULL, NULL, 1, 'avi', 2, '0000-00-00 00:00:00', 4),
(1263, 'My Best Men', NULL, NULL, NULL, 0, 'avi', 1, '0000-00-00 00:00:00', 4),
(1264, 'My Girl', NULL, NULL, NULL, 0, 'avi', 1, '0000-00-00 00:00:00', 1),
(1265, 'My Super Ex-girlfriend', NULL, NULL, NULL, 1, 'avi', 1, '0000-00-00 00:00:00', 1),
(1266, 'Mystic River', NULL, NULL, NULL, 0, 'avi', 1, '0000-00-00 00:00:00', 1),
(1267, 'Mytos', NULL, NULL, NULL, 0, 'avi', 1, '0000-00-00 00:00:00', 4),
(1268, 'Nausicaa de la Vallée du Vent', NULL, NULL, NULL, 0, 'avi', 3, '0000-00-00 00:00:00', 3),
(1269, 'Nerve', NULL, NULL, NULL, 0, 'avi', 1, '0000-00-00 00:00:00', 1),
(1270, 'Neuilly Sa Mère', NULL, NULL, NULL, 0, 'avi', 1, '0000-00-00 00:00:00', 1),
(1271, 'Never Back Down 2', NULL, NULL, NULL, 1, 'avi', 1, '0000-00-00 00:00:00', 2),
(1272, 'Never Back Down 3 - No Surrender', NULL, NULL, NULL, 1, 'avi', 1, '0000-00-00 00:00:00', 4),
(1273, 'Never Back Down', NULL, NULL, NULL, 1, 'avi', 1, '0000-00-00 00:00:00', 1),
(1274, 'New York 1997', NULL, NULL, NULL, 0, 'avi', 1, '0000-00-00 00:00:00', 4),
(1275, 'New York I Love You', NULL, NULL, NULL, 0, 'avi', 1, '0000-00-00 00:00:00', 4),
(1276, 'Next Friday', NULL, NULL, NULL, 0, 'avi', 1, '0000-00-00 00:00:00', 4),
(1277, 'NEXT', NULL, NULL, NULL, 1, 'avi', 1, '0000-00-00 00:00:00', 1),
(1278, 'Night & Day', NULL, NULL, NULL, 1, 'avi', 1, '0000-00-00 00:00:00', 3),
(1279, 'Night Moves', NULL, NULL, NULL, 0, 'avi', 1, '0000-00-00 00:00:00', 2),
(1280, 'Night Run', NULL, NULL, NULL, 1, 'avi', 1, '0000-00-00 00:00:00', 2),
(1281, 'Nikita', NULL, NULL, NULL, 1, 'avi', 1, '0000-00-00 00:00:00', 1),
(1282, 'Nims Island', NULL, NULL, NULL, 0, 'avi', 1, '0000-00-00 00:00:00', 3),
(1283, 'Ninja 2 - Shadow Of a Tear', NULL, NULL, NULL, 1, 'avi', 1, '0000-00-00 00:00:00', 4),
(1284, 'Ninja Assassin', NULL, NULL, NULL, 1, 'avi', 1, '0000-00-00 00:00:00', 1),
(1285, 'Ninja', NULL, NULL, NULL, 1, 'avi', 1, '0000-00-00 00:00:00', 4),
(1286, 'No Escape', NULL, NULL, NULL, 0, 'avi', 1, '0000-00-00 00:00:00', 4),
(1287, 'No Limit', NULL, NULL, NULL, 0, 'avi', 1, '0000-00-00 00:00:00', 4),
(1288, 'Non-Stop', NULL, NULL, NULL, 1, 'avi', 1, '0000-00-00 00:00:00', 4),
(1289, 'Norm', NULL, NULL, NULL, 1, 'avi', 2, '0000-00-00 00:00:00', 1),
(1290, 'Nos Etoiles Contraires', NULL, NULL, NULL, 1, 'mkv', 1, '0000-00-00 00:00:00', 4),
(1291, 'Nos Jours Heureux', NULL, NULL, NULL, 1, 'avi', 1, '0000-00-00 00:00:00', 4);
INSERT INTO `films` (`id_film`, `titre`, `annee_sortie`, `jaquette`, `lien_allocine`, `est_vu`, `extension`, `id_type`, `date_c`, `id_ddur`) VALUES
(1292, 'Nos Pires Voisins 2', NULL, NULL, NULL, 0, 'avi', 1, '0000-00-00 00:00:00', 4),
(1293, 'Nos Pires Voisins', NULL, NULL, NULL, 0, 'avi', 1, '0000-00-00 00:00:00', 4),
(1294, 'Nos Voisins les Hommes', NULL, NULL, NULL, 1, 'avi', 2, '0000-00-00 00:00:00', 1),
(1295, 'Nous Etions Soldats', NULL, NULL, NULL, 1, 'avi', 1, '0000-00-00 00:00:00', 3),
(1296, 'Nouveau Depart', NULL, NULL, NULL, 0, 'avi', 1, '0000-00-00 00:00:00', 4),
(1297, 'November Criminals', NULL, NULL, NULL, 0, 'avi', 1, '0000-00-00 00:00:00', 4),
(1298, 'Nude Nuns With Big Guns', NULL, NULL, NULL, 0, 'avi', 1, '0000-00-00 00:00:00', 4),
(1299, 'Nuits Blanches a Seattle', NULL, NULL, NULL, 0, 'avi', 1, '0000-00-00 00:00:00', 4),
(1300, 'Numero 4', NULL, NULL, NULL, 1, 'avi', 1, '0000-00-00 00:00:00', 3),
(1301, 'Numero 9', NULL, NULL, NULL, 1, 'avi', 2, '0000-00-00 00:00:00', 1),
(1302, 'O JERUSALEM', NULL, NULL, NULL, 0, 'avi', 1, '0000-00-00 00:00:00', 4),
(1303, 'Oblivion', NULL, NULL, NULL, 1, 'avi', 1, '0000-00-00 00:00:00', 2),
(1304, 'O''Brother', NULL, NULL, NULL, 1, 'avi', 1, '0000-00-00 00:00:00', 1),
(1305, 'Ocean Eleven', NULL, NULL, NULL, 1, 'avi', 1, '0000-00-00 00:00:00', 1),
(1306, 'Ocean''s Thirteen', NULL, NULL, NULL, 1, 'avi', 1, '0000-00-00 00:00:00', 1),
(1307, 'Ocean''s Twelve', NULL, NULL, NULL, 1, 'avi', 1, '0000-00-00 00:00:00', 1),
(1308, 'Octopussy', NULL, NULL, NULL, 1, 'avi', 1, '0000-00-00 00:00:00', 1),
(1309, 'Officer Downe', NULL, NULL, NULL, 0, 'avi', 1, '0000-00-00 00:00:00', 4),
(1310, 'Offline - La Vie n''est Pas un Niveau Bonus', NULL, NULL, NULL, 1, 'avi', 1, '0000-00-00 00:00:00', 1),
(1311, 'Old Boy', NULL, NULL, NULL, 0, 'avi', 1, '0000-00-00 00:00:00', 3),
(1312, 'On A Marche Sur Bangkok', NULL, NULL, NULL, 0, 'avi', 1, '0000-00-00 00:00:00', 2),
(1313, 'On a Retrouvé la 7ème Compagnie', NULL, NULL, NULL, 1, 'AVI', 1, '0000-00-00 00:00:00', 1),
(1314, 'On l''Appelle Jeeg Robot', NULL, NULL, NULL, 0, 'mkv', 1, '0000-00-00 00:00:00', 4),
(1315, 'On ne Vit Que Deux Fois', NULL, NULL, NULL, 1, 'avi', 1, '0000-00-00 00:00:00', 1),
(1316, 'One In The Chamber', NULL, NULL, NULL, 0, 'avi', 1, '0000-00-00 00:00:00', 2),
(1317, 'One Piece - Gold', NULL, NULL, NULL, 0, 'avi', 3, '0000-00-00 00:00:00', 1),
(1318, 'Ong Bak 2', NULL, NULL, NULL, 1, 'avi', 1, '0000-00-00 00:00:00', 3),
(1319, 'Ong Bak 3', NULL, NULL, NULL, 1, 'avi', 1, '0000-00-00 00:00:00', 3),
(1320, 'Ong Bak', NULL, NULL, NULL, 1, 'avi', 1, '0000-00-00 00:00:00', 3),
(1321, 'Opération Casse-Noisette', NULL, NULL, NULL, 1, 'avi', 2, '0000-00-00 00:00:00', 1),
(1322, 'Operation Endgame', NULL, NULL, NULL, 0, 'avi', 1, '0000-00-00 00:00:00', 4),
(1323, 'Operation Espadon', NULL, NULL, NULL, 0, 'avi', 1, '0000-00-00 00:00:00', 3),
(1324, 'Operation Tonerre', NULL, NULL, NULL, 1, 'avi', 1, '0000-00-00 00:00:00', 1),
(1325, 'Orcs', NULL, NULL, NULL, 0, 'avi', 1, '0000-00-00 00:00:00', 4),
(1326, 'OSIRIS - La Neuvième Planète', NULL, NULL, NULL, 0, 'avi', 1, '0000-00-00 00:00:00', 1),
(1327, 'OSS 117 - Le Caire Nid d''Espions', NULL, NULL, NULL, 1, 'avi', 1, '0000-00-00 00:00:00', 1),
(1328, 'OSS 117 - Rio Ne Repond Plus', NULL, NULL, NULL, 1, 'avi', 1, '0000-00-00 00:00:00', 1),
(1329, 'Otage', NULL, NULL, NULL, 1, 'avi', 1, '0000-00-00 00:00:00', 1),
(1330, 'Où Sont Passés Les Morgan', NULL, NULL, NULL, 1, 'avi', 1, '0000-00-00 00:00:00', 4),
(1331, 'P.R.O.F.S', '1985-09-18', 'http://fr.web.img4.acsta.net/medias/nmedia/18/66/61/94/20088672.jpg', 'null', 1, 'avi', 1, '0000-00-00 00:00:00', 4),
(1332, 'Pacific Rim', NULL, NULL, NULL, 1, 'avi', 1, '0000-00-00 00:00:00', 4),
(1333, 'Papa ou Maman 2', NULL, NULL, NULL, 0, 'avi', 1, '0000-00-00 00:00:00', 1),
(1334, 'Papa ou Maman', NULL, NULL, NULL, 0, 'avi', 1, '0000-00-00 00:00:00', 1),
(1335, 'Papy Fait de la Résistance', NULL, NULL, NULL, 1, 'mov', 1, '0000-00-00 00:00:00', 1),
(1336, 'Parker', NULL, NULL, NULL, 1, 'avi', 1, '0000-00-00 00:00:00', 2),
(1337, 'Parkour to Kill', NULL, NULL, NULL, 0, 'avi', 1, '0000-00-00 00:00:00', 4),
(1338, 'Pars Vite Et Reviens Tard', NULL, NULL, NULL, 1, 'avi', 1, '0000-00-00 00:00:00', 1),
(1339, 'Passengers', NULL, NULL, NULL, 0, 'mkv', 1, '0000-00-00 00:00:00', 4),
(1340, 'Patema Et Le Monde Inverse', NULL, NULL, NULL, 0, 'avi', 3, '0000-00-00 00:00:00', 2),
(1341, 'Pattaya', NULL, NULL, NULL, 0, 'avi', 1, '0000-00-00 00:00:00', 4),
(1342, 'Patton', NULL, NULL, NULL, 0, 'avi', 1, '0000-00-00 00:00:00', 4),
(1343, 'Paul', NULL, NULL, NULL, 1, 'avi', 1, '0000-00-00 00:00:00', 2),
(1344, 'Payback', NULL, NULL, NULL, 0, 'avi', 1, '0000-00-00 00:00:00', 1),
(1345, 'Payback-The Amsterdam Ultimatum', NULL, NULL, NULL, 0, 'avi', 1, '0000-00-00 00:00:00', 2),
(1346, 'Pear Harbor', NULL, NULL, NULL, 1, 'avi', 1, '0000-00-00 00:00:00', 1),
(1347, 'Penguins Of Madagascar', NULL, NULL, NULL, 1, 'avi', 2, '0000-00-00 00:00:00', 4),
(1348, 'Percy Jackson - La Mer des Monstres', NULL, NULL, NULL, 1, 'avi', 1, '0000-00-00 00:00:00', 4),
(1349, 'Percy Jackson - Le Voleur de Foudre', NULL, NULL, NULL, 1, 'avi', 1, '0000-00-00 00:00:00', 3),
(1350, 'Permis de Tuer', NULL, NULL, NULL, 1, 'avi', 1, '0000-00-00 00:00:00', 1),
(1351, 'Peter et Elliott le Dragon', NULL, NULL, NULL, 0, 'avi', 1, '0000-00-00 00:00:00', 4),
(1352, 'Peter Pan 2 - Retour au Pays Imaginaire', NULL, NULL, NULL, 1, 'avi', 3, '0000-00-00 00:00:00', 4),
(1353, 'Petites confidences à ma Psy', NULL, NULL, NULL, 0, 'avi', 1, '0000-00-00 00:00:00', 3),
(1354, 'Petits Meurtres A L''Anglaise', NULL, NULL, NULL, 0, 'avi', 1, '0000-00-00 00:00:00', 3),
(1355, 'Petits Meurtres Entre Amis', NULL, NULL, NULL, 0, 'avi', 1, '0000-00-00 00:00:00', 1),
(1356, 'Peur Sur la Ville', NULL, NULL, NULL, 0, 'avi', 1, '0000-00-00 00:00:00', 4),
(1357, 'Phone Game', NULL, NULL, NULL, 1, 'avi', 1, '0000-00-00 00:00:00', 1),
(1358, 'Photo Obsession', NULL, NULL, NULL, 0, 'avi', 1, '0000-00-00 00:00:00', 3),
(1359, 'Piège en Eaux Troubles', NULL, NULL, NULL, 1, 'avi', 1, '0000-00-00 00:00:00', 2),
(1360, 'Piégés', NULL, NULL, NULL, 0, 'avi', 1, '0000-00-00 00:00:00', 2),
(1361, 'Pirates Des Caraibes  4 - La Fontaine de Jouvence', NULL, NULL, NULL, 1, 'avi', 1, '0000-00-00 00:00:00', 3),
(1362, 'Pirates des Caraibes 1 - La Malédiction du Black Pearl', NULL, NULL, NULL, 1, 'avi', 1, '0000-00-00 00:00:00', 1),
(1363, 'Pirates des Caraibes 2 - Le Secret du Coffre Maudit', NULL, NULL, NULL, 1, 'avi', 1, '0000-00-00 00:00:00', 1),
(1364, 'Pirates des Caraibes 3 - Jusqu''au Bout du Monde', NULL, NULL, NULL, 1, 'avi', 1, '0000-00-00 00:00:00', 1),
(1365, 'Pirates des Caraibes 5 - La Vengeance de Salazar', NULL, NULL, NULL, 1, 'avi', 1, '0000-00-00 00:00:00', 1),
(1366, 'Pitch Black', NULL, NULL, NULL, 1, 'avi', 1, '0000-00-00 00:00:00', 3),
(1367, 'Pixels', NULL, NULL, NULL, 1, 'avi', 1, '0000-00-00 00:00:00', 2),
(1368, 'Planes 2', NULL, NULL, NULL, 1, 'avi', 2, '0000-00-00 00:00:00', 4),
(1369, 'Planes', NULL, NULL, NULL, 1, 'avi', 2, '0000-00-00 00:00:00', 2),
(1370, 'Planet 51', NULL, NULL, NULL, 1, 'avi', 2, '0000-00-00 00:00:00', 1),
(1371, 'Planete Terreur', NULL, NULL, NULL, 0, 'avi', 1, '0000-00-00 00:00:00', 4),
(1372, 'Platoon', NULL, NULL, NULL, 0, 'avi', 1, '0000-00-00 00:00:00', 4),
(1373, 'Players', NULL, NULL, NULL, 0, 'avi', 1, '0000-00-00 00:00:00', 2),
(1374, 'Playing It Cool', NULL, NULL, NULL, 0, 'avi', 1, '0000-00-00 00:00:00', 2),
(1375, 'Point Break (New)', NULL, NULL, NULL, 0, 'avi', 1, '0000-00-00 00:00:00', 4),
(1376, 'Point Break', NULL, NULL, NULL, 0, 'avi', 1, '0000-00-00 00:00:00', 3),
(1377, 'Pokemon Film 2 - Le Pouvoir Est en Toi', NULL, NULL, NULL, 0, 'avi', 3, '0000-00-00 00:00:00', 1),
(1378, 'Pokemon Film 3 - Le Sort des Zarbis', NULL, NULL, NULL, 0, 'avi', 3, '0000-00-00 00:00:00', 1),
(1379, 'Police Story - Lockdown', NULL, NULL, NULL, 0, 'avi', 1, '0000-00-00 00:00:00', 4),
(1380, 'Pompeii', NULL, NULL, NULL, 1, 'avi', 1, '0000-00-00 00:00:00', 2),
(1381, 'Ponyo sur la Falaise', NULL, NULL, NULL, 1, 'mkv', 3, '0000-00-00 00:00:00', 4),
(1382, 'Postal', NULL, NULL, NULL, 0, 'avi', 1, '0000-00-00 00:00:00', 2),
(1383, 'Power Rangers', NULL, NULL, NULL, 1, 'mkv', 1, '0000-00-00 00:00:00', 1),
(1384, 'Precious Cargo', NULL, NULL, NULL, 0, 'avi', 1, '0000-00-00 00:00:00', 4),
(1385, 'Predator 2', NULL, NULL, NULL, 1, 'avi', 1, '0000-00-00 00:00:00', 3),
(1386, 'Predator', NULL, NULL, NULL, 1, 'avi', 1, '0000-00-00 00:00:00', 1),
(1387, 'Predators (New)', NULL, NULL, NULL, 1, 'avi', 1, '0000-00-00 00:00:00', 3),
(1388, 'Predestination', NULL, NULL, NULL, 0, 'mkv', 1, '0000-00-00 00:00:00', 4),
(1389, 'Predestination', NULL, NULL, NULL, 0, 'mkv', 1, '0000-00-00 00:00:00', 1),
(1390, 'Premier Contact', NULL, NULL, NULL, 0, 'avi', 1, '0000-00-00 00:00:00', 4),
(1391, 'Prenium Rush', NULL, NULL, NULL, 1, 'avi', 1, '0000-00-00 00:00:00', 2),
(1392, 'Présumé Coupable', NULL, NULL, NULL, 0, 'avi', 1, '0000-00-00 00:00:00', 1),
(1393, 'Présumé Innocent', NULL, NULL, NULL, 0, 'AVI', 1, '0000-00-00 00:00:00', 3),
(1394, 'Pretty Woman', NULL, NULL, NULL, 1, 'avi', 1, '0000-00-00 00:00:00', 2),
(1395, 'Priest', NULL, NULL, NULL, 1, 'avi', 1, '0000-00-00 00:00:00', 3),
(1396, 'Prince of Persia - Les Sables du Temps', NULL, NULL, NULL, 1, 'avi', 1, '0000-00-00 00:00:00', 3),
(1397, 'Prince Yaroslav', NULL, NULL, NULL, 0, 'avi', 1, '0000-00-00 00:00:00', 2),
(1398, 'Princesse Mononoke', NULL, NULL, NULL, 1, 'avi', 3, '0000-00-00 00:00:00', 1),
(1399, 'Prof Poids Lourd', NULL, NULL, NULL, 1, 'avi', 1, '0000-00-00 00:00:00', 4),
(1400, 'Project Almanac', NULL, NULL, NULL, 0, 'avi', 1, '0000-00-00 00:00:00', 4),
(1401, 'Project X', NULL, NULL, NULL, 1, 'avi', 1, '0000-00-00 00:00:00', 2),
(1402, 'Prometheus', NULL, NULL, NULL, 0, 'avi', 1, '0000-00-00 00:00:00', 2),
(1403, 'Proposition Indécente', NULL, NULL, NULL, 0, 'avi', 1, '0000-00-00 00:00:00', 4),
(1404, 'Proteger Et Servir', NULL, NULL, NULL, 0, 'avi', 1, '0000-00-00 00:00:00', 3),
(1405, 'Public Enemies', NULL, NULL, NULL, 1, 'avi', 1, '0000-00-00 00:00:00', 1),
(1406, 'Pulp Fiction', NULL, NULL, NULL, 1, 'avi', 1, '0000-00-00 00:00:00', 1),
(1407, 'Push', NULL, NULL, NULL, 1, 'avi', 1, '0000-00-00 00:00:00', 1),
(1408, 'Pusher', NULL, NULL, NULL, 0, 'avi', 1, '0000-00-00 00:00:00', 4),
(1409, 'Quand Chuck rencontre Larry', NULL, NULL, NULL, 0, 'avi', 1, '0000-00-00 00:00:00', 3),
(1410, 'Quand Harry Rencontre Sally', NULL, NULL, NULL, 0, 'avi', 1, '0000-00-00 00:00:00', 3),
(1411, 'Quand les Aigles Attaquent', NULL, NULL, NULL, 1, 'avi', 1, '0000-00-00 00:00:00', 4),
(1412, 'Quantum Of Solace', NULL, NULL, NULL, 1, 'avi', 1, '0000-00-00 00:00:00', 1),
(1413, 'Quatre frères', NULL, NULL, NULL, 0, 'avi', 1, '0000-00-00 00:00:00', 1),
(1414, 'Quatre Garcons Plein d''Avenir', NULL, NULL, NULL, 0, 'mkv', 1, '0000-00-00 00:00:00', 4),
(1415, 'Que Justice soit faite', NULL, NULL, NULL, 0, 'avi', 1, '0000-00-00 00:00:00', 3),
(1416, 'Qu''est ce qu''on a Fait au Bon Dieu', NULL, NULL, NULL, 1, 'avi', 1, '0000-00-00 00:00:00', 4),
(1417, 'Qui Perd Gagne', NULL, NULL, NULL, 0, 'avi', 1, '0000-00-00 00:00:00', 1),
(1418, 'Qui Veut la Peau de Roger Rabbit', NULL, NULL, NULL, 0, 'avi', 1, '0000-00-00 00:00:00', 1),
(1419, 'Quitte-Moi', NULL, NULL, NULL, 1, '.. ', 1, '0000-00-00 00:00:00', 3),
(1420, 'R.I.P.D', '2013-07-17', 'http://fr.web.img4.acsta.net/pictures/210/177/21017799_20130705120422773.jpg', 'null', 1, 'avi', 1, '0000-00-00 00:00:00', 2),
(1421, 'Radin', NULL, NULL, NULL, 0, 'avi', 1, '0000-00-00 00:00:00', 4),
(1422, 'Radiostars', NULL, NULL, NULL, 0, 'avi', 1, '0000-00-00 00:00:00', 1),
(1423, 'Raid Dingue', NULL, NULL, NULL, 0, 'avi', 1, '0000-00-00 00:00:00', 1),
(1424, 'Raiders', NULL, NULL, NULL, 0, 'AVI', 1, '0000-00-00 00:00:00', 4),
(1425, 'Rain Man', NULL, NULL, NULL, 1, 'avi', 1, '0000-00-00 00:00:00', 3),
(1426, 'Raiponce', NULL, NULL, NULL, 1, 'avi', 2, '0000-00-00 00:00:00', 3),
(1427, 'Raison d''état', NULL, NULL, NULL, 0, 'avi', 1, '0000-00-00 00:00:00', 3),
(1428, 'Rambo 1', NULL, NULL, NULL, 1, 'avi', 1, '0000-00-00 00:00:00', 1),
(1429, 'Rambo 2', NULL, NULL, NULL, 0, 'avi', 1, '0000-00-00 00:00:00', 1),
(1430, 'Rambo 3', NULL, NULL, NULL, 0, 'avi', 1, '0000-00-00 00:00:00', 1),
(1431, 'Rambo 4', NULL, NULL, NULL, 1, 'avi', 1, '0000-00-00 00:00:00', 1),
(1432, 'Rampage Sniper en Liberté', NULL, NULL, NULL, 0, 'avi', 1, '0000-00-00 00:00:00', 2),
(1433, 'Rango', NULL, NULL, NULL, 1, 'avi', 2, '0000-00-00 00:00:00', 3),
(1434, 'Rasta Rockett', NULL, NULL, NULL, 1, 'avi', 1, '0000-00-00 00:00:00', 3),
(1435, 'Ratatouille', NULL, NULL, NULL, 1, 'avi', 2, '0000-00-00 00:00:00', 1),
(1436, 'Real Steel', NULL, NULL, NULL, 1, 'avi', 1, '0000-00-00 00:00:00', 3),
(1437, 'Reasonable Doubt', NULL, NULL, NULL, 0, 'avi', 1, '0000-00-00 00:00:00', 2),
(1438, 'Rebelle', NULL, NULL, NULL, 1, 'avi', 2, '0000-00-00 00:00:00', 2),
(1439, 'Recoil', NULL, NULL, NULL, 0, 'avi', 1, '0000-00-00 00:00:00', 2),
(1440, 'Red 2', NULL, NULL, NULL, 1, 'avi', 1, '0000-00-00 00:00:00', 4),
(1441, 'Red Corner', NULL, NULL, NULL, 0, 'AVI', 1, '0000-00-00 00:00:00', 3),
(1442, 'Red Eagle', NULL, NULL, NULL, 1, 'avi', 1, '0000-00-00 00:00:00', 2),
(1443, 'Red Faction Origins', NULL, NULL, NULL, 0, 'avi', 1, '0000-00-00 00:00:00', 2),
(1444, 'Red Gallion', NULL, NULL, NULL, 0, 'avi', 1, '0000-00-00 00:00:00', 2),
(1445, 'Red Sky', NULL, NULL, NULL, 0, 'avi', 1, '0000-00-00 00:00:00', 2),
(1446, 'Red', NULL, NULL, NULL, 1, 'avi', 1, '0000-00-00 00:00:00', 3),
(1447, 'Renaissances', NULL, NULL, NULL, 0, 'avi', 1, '0000-00-00 00:00:00', 4),
(1448, 'Rencontres du 3ème Type', NULL, NULL, NULL, 0, 'avi', 1, '0000-00-00 00:00:00', 4),
(1449, 'Repo Men', NULL, NULL, NULL, 0, 'avi', 1, '0000-00-00 00:00:00', 4),
(1450, 'Rescue Dawn', NULL, NULL, NULL, 0, 'avi', 1, '0000-00-00 00:00:00', 4),
(1451, 'Resident Evil - Damnation', NULL, NULL, NULL, 1, 'avi', 2, '0000-00-00 00:00:00', 2),
(1452, 'Resident Evil - Degeneration', NULL, NULL, NULL, 1, 'avi', 2, '0000-00-00 00:00:00', 2),
(1453, 'Resident Evil - Le Chapitre Final', NULL, NULL, NULL, 1, 'mkv', 1, '0000-00-00 00:00:00', 1),
(1454, 'Resident Evil - Retribution', NULL, NULL, NULL, 1, 'avi', 1, '0000-00-00 00:00:00', 2),
(1455, 'Resident Evil - Vendetta', NULL, NULL, NULL, 1, 'mkv', 2, '0000-00-00 00:00:00', 1),
(1456, 'Resident Evil 1', NULL, NULL, NULL, 1, 'avi', 1, '0000-00-00 00:00:00', 3),
(1457, 'Resident Evil 2 - Apocalypse', NULL, NULL, NULL, 1, 'avi', 1, '0000-00-00 00:00:00', 4),
(1458, 'Resident Evil 3 - Extinction', NULL, NULL, NULL, 1, 'avi', 1, '0000-00-00 00:00:00', 4),
(1459, 'Resident Evil Afterlife', NULL, NULL, NULL, 1, 'avi', 1, '0000-00-00 00:00:00', 3),
(1460, 'Retour Vers le Futur 1', NULL, NULL, NULL, 1, 'avi', 1, '0000-00-00 00:00:00', 1),
(1461, 'Retour Vers le Futur 2', NULL, NULL, NULL, 1, 'avi', 1, '0000-00-00 00:00:00', 1),
(1462, 'Retour Vers le Futur 3', NULL, NULL, NULL, 1, 'avi', 1, '0000-00-00 00:00:00', 1),
(1463, 'Revolver', NULL, NULL, NULL, 1, 'avi', 1, '0000-00-00 00:00:00', 2),
(1464, 'Riddick', '2013-09-18', 'https://upload.wikimedia.org/wikipedia/en/thumb/c/c3/Chronicles_of_riddick_ver2.jpg/220px-Chronicles_of_riddick_ver2.jpg', 'null', 1, 'avi', 1, '0000-00-00 00:00:00', 2),
(1465, 'Rien à Déclarer', '2011-01-26', 'http://fr.web.img6.acsta.net/medias/nmedia/18/74/26/78/19542535.jpg', 'null', 1, 'avi', 1, '0000-00-00 00:00:00', 3),
(1466, 'Rien Que Pour Vos Yeux', '1981-06-26', 'http://www.dvdclassik.com/upload/images/affiches/rien-que-pour-vos-yeux.jpg', 'null', 1, 'avi', 1, '0000-00-00 00:00:00', 1),
(1467, 'Rio 2', '2014-04-09', 'http://t0.gstatic.com/images?q=tbn:ANd9GcQTMMTEfJh-1TG-TzxnzENXESQpaiO-fAEEQs_gWmdq730rhBdF', 'null', 1, 'avi', 2, '0000-00-00 00:00:00', 4),
(1468, 'Rio Bravo', '1959-10-21', 'http://fr.web.img6.acsta.net/c_215_290/medias/nmedia/00/02/56/76/aff.jpg', 'null', 0, 'avi', 1, '0000-00-00 00:00:00', 4),
(1469, 'Rio', '2011-03-22', 'http://fr.web.img4.acsta.net/r_1280_720/medias/nmedia/18/78/25/22/19683610.jpg', 'null', 1, 'avi', 2, '0000-00-00 00:00:00', 3),
(1470, 'Riot - Enfermé Pour Tuer', '2015-10-05', 'https://media.senscritique.com/media/000012858209/source_big/Riot.jpg', 'null', 1, 'mkv', 1, '0000-00-00 00:00:00', 1),
(1471, 'Road House', '1990-01-03', 'http://www.linternaute.com/cinema/image_cache/objdbfilm/image/540/35576.jpg', 'null', 0, 'mkv', 1, '0000-00-00 00:00:00', 1),
(1472, 'Road Trip', '2000-10-18', 'https://images-na.ssl-images-amazon.com/images/I/81JMVKSvHvL._SL1410_.jpg', 'null', 0, 'avi', 1, '0000-00-00 00:00:00', 2),
(1473, 'Robin Des Bois Prince Des Voleurs', '1991-06-14', 'http://www.cinekidz.com/wp-content/uploads/2014/04/Robin-des-bois-Prince-des-voleurs-540x810.jpg', 'null', 1, 'avi', 1, '0000-00-00 00:00:00', 1),
(1474, 'Robin Hood', '2010-05-12', 'http://fr.web.img5.acsta.net/medias/nmedia/18/70/25/56/19409264.jpg', 'null', 1, 'avi', 1, '0000-00-00 00:00:00', 3),
(1475, 'Robinson Crusoé', '2016-04-20', 'http://t3.gstatic.com/images?q=tbn:ANd9GcRCaAd5LiYp0mT1QqeJmQXpmvHAs2wt3Pw7-Ds-slFpJuPnmPeB', 'null', 0, 'avi', 2, '0000-00-00 00:00:00', 4),
(1476, 'Robocop', NULL, NULL, NULL, 1, 'avi', 1, '0000-00-00 00:00:00', 4),
(1477, 'Robots', NULL, NULL, NULL, 0, 'avi', 2, '0000-00-00 00:00:00', 4),
(1478, 'Rock''n Roll', NULL, NULL, NULL, 0, 'mkv', 1, '0000-00-00 00:00:00', 1),
(1479, 'Rocky 1', NULL, NULL, NULL, 1, 'avi', 1, '0000-00-00 00:00:00', 4),
(1480, 'Rocky 2', NULL, NULL, NULL, 0, 'avi', 1, '0000-00-00 00:00:00', 4),
(1481, 'Rocky 3', NULL, NULL, NULL, 0, 'avi', 1, '0000-00-00 00:00:00', 4),
(1482, 'Rocky 4', NULL, NULL, NULL, 0, 'avi', 1, '0000-00-00 00:00:00', 4),
(1483, 'Rocky 5', NULL, NULL, NULL, 0, 'avi', 1, '0000-00-00 00:00:00', 4),
(1484, 'Rocky 6', NULL, NULL, NULL, 0, 'avi', 1, '0000-00-00 00:00:00', 4),
(1485, 'Rogue - L''Ultime Affrontement', NULL, NULL, NULL, 1, 'avi', 1, '0000-00-00 00:00:00', 2),
(1486, 'Rogue One - A Star Wars Story', NULL, NULL, NULL, 1, 'mkv', 1, '0000-00-00 00:00:00', 1),
(1487, 'Rollerball', NULL, NULL, NULL, 1, 'avi', 1, '0000-00-00 00:00:00', 3),
(1488, 'Romeo et Juliette', NULL, NULL, NULL, 0, 'avi', 1, '0000-00-00 00:00:00', 3),
(1489, 'Ronal Le Barbare', NULL, NULL, NULL, 1, 'avi', 2, '0000-00-00 00:00:00', 2),
(1490, 'Royal Kill', NULL, NULL, NULL, 0, 'avi', 1, '0000-00-00 00:00:00', 2),
(1491, 'RRRrrr', NULL, NULL, NULL, 1, 'avi', 1, '0000-00-00 00:00:00', 1),
(1492, 'RTT', NULL, NULL, NULL, 0, 'avi', 1, '0000-00-00 00:00:00', 3),
(1493, 'Runner Runner', NULL, NULL, NULL, 0, 'avi', 1, '0000-00-00 00:00:00', 4),
(1494, 'Rush Hour 1', NULL, NULL, NULL, 1, 'avi', 1, '0000-00-00 00:00:00', 1),
(1495, 'Rush Hour 2', NULL, NULL, NULL, 1, 'avi', 1, '0000-00-00 00:00:00', 1),
(1496, 'Rush Hour 3', NULL, NULL, NULL, 1, 'avi', 1, '0000-00-00 00:00:00', 1),
(1497, 'S.O.S Fantomes', NULL, 'http://fr.web.img3.acsta.net/medias/nmedia/18/63/95/37/19681642.jpg', NULL, 0, 'avi', 1, '0000-00-00 00:00:00', 1),
(1498, 'S.W.A.T. unité d''élite', NULL, 'http://fr.web.img4.acsta.net/c_215_290/medias/nmedia/18/35/15/05/18364764.jpg', NULL, 0, 'avi', 1, '0000-00-00 00:00:00', 2),
(1499, 'Sa mère ou moi', NULL, NULL, NULL, 0, 'avi', 1, '0000-00-00 00:00:00', 3),
(1500, 'Saat Po Long', NULL, NULL, NULL, 0, 'mkv', 1, '0000-00-00 00:00:00', 4),
(1501, 'Sacré graal', NULL, NULL, NULL, 0, 'avi', 1, '0000-00-00 00:00:00', 2),
(1502, 'Safari', NULL, NULL, NULL, 1, 'avi', 1, '0000-00-00 00:00:00', 1),
(1503, 'Safe', NULL, NULL, NULL, 1, 'avi', 1, '0000-00-00 00:00:00', 2),
(1504, 'Sahara', NULL, NULL, NULL, 1, 'avi', 1, '0000-00-00 00:00:00', 1),
(1505, 'SAHARA', NULL, NULL, NULL, 1, 'avi', 2, '0000-00-00 00:00:00', 1),
(1506, 'SALT', NULL, NULL, NULL, 1, 'avi', 1, '0000-00-00 00:00:00', 1),
(1507, 'Samouraï Avenger', NULL, NULL, NULL, 0, 'avi', 1, '0000-00-00 00:00:00', 2),
(1508, 'Samurai Ayothaya', NULL, NULL, NULL, 0, 'avi', 1, '0000-00-00 00:00:00', 2),
(1509, 'San Andreas', NULL, NULL, NULL, 0, 'avi', 1, '0000-00-00 00:00:00', 4),
(1510, 'Sans compromis', NULL, NULL, NULL, 0, 'avi', 1, '0000-00-00 00:00:00', 2),
(1511, 'Sans Identité', NULL, NULL, NULL, 0, 'avi', 1, '0000-00-00 00:00:00', 2),
(1512, 'Sans Sarah Rien ne Va', NULL, NULL, NULL, 0, 'avi', 1, '0000-00-00 00:00:00', 1),
(1513, 'Sausage Party', NULL, NULL, NULL, 0, 'mkv', 2, '0000-00-00 00:00:00', 4),
(1514, 'Savage Dog', NULL, NULL, NULL, 0, 'avi', 1, '0000-00-00 00:00:00', 1),
(1515, 'Savages', NULL, NULL, NULL, 0, 'avi', 1, '0000-00-00 00:00:00', 2),
(1516, 'Saving General Yang', NULL, NULL, NULL, 1, 'avi', 1, '0000-00-00 00:00:00', 2),
(1517, 'Scary Movie 1', NULL, NULL, NULL, 0, 'avi', 1, '0000-00-00 00:00:00', 1),
(1518, 'Scary Movie 2', NULL, NULL, NULL, 0, 'avi', 1, '0000-00-00 00:00:00', 1),
(1519, 'Scary Movie 3', NULL, NULL, NULL, 0, 'avi', 1, '0000-00-00 00:00:00', 1),
(1520, 'Scary Movie 4', NULL, NULL, NULL, 0, 'avi', 1, '0000-00-00 00:00:00', 1),
(1521, 'School Of Rock', NULL, NULL, NULL, 1, 'avi', 1, '0000-00-00 00:00:00', 1),
(1522, 'Scorpion', NULL, NULL, NULL, 0, 'avi', 1, '0000-00-00 00:00:00', 1),
(1523, 'Scott Pilgrim Contre le Monde', NULL, NULL, NULL, 0, 'avi', 1, '0000-00-00 00:00:00', 4),
(1524, 'Secret d''Etat', NULL, NULL, NULL, 0, 'avi', 1, '0000-00-00 00:00:00', 1),
(1525, 'Secrets d''Etats', NULL, NULL, NULL, 0, 'avi', 1, '0000-00-00 00:00:00', 3),
(1526, 'Sécurité Rapprochée', NULL, NULL, NULL, 1, 'avi', 1, '0000-00-00 00:00:00', 2),
(1527, 'Security', NULL, NULL, NULL, 0, 'avi', 1, '0000-00-00 00:00:00', 4),
(1528, 'Serial Noceurs', NULL, NULL, NULL, 0, 'AVI', 1, '0000-00-00 00:00:00', 1),
(1529, 'Setup', NULL, NULL, NULL, 0, 'avi', 1, '0000-00-00 00:00:00', 2),
(1530, 'Seul au Monde', NULL, NULL, NULL, 0, 'avi', 1, '0000-00-00 00:00:00', 1),
(1531, 'Seul Sur Mars', NULL, NULL, NULL, 0, 'avi', 1, '0000-00-00 00:00:00', 4),
(1532, 'Seul Two', NULL, NULL, NULL, 1, 'avi', 1, '0000-00-00 00:00:00', 1),
(1533, 'Seuls', NULL, NULL, NULL, 0, 'avi', 1, '0000-00-00 00:00:00', 1),
(1534, 'Seven', NULL, NULL, NULL, 1, 'avi', 1, '0000-00-00 00:00:00', 1),
(1535, 'Sex List', NULL, NULL, NULL, 0, 'avi', 1, '0000-00-00 00:00:00', 2),
(1536, 'Sex Tape', NULL, NULL, NULL, 0, 'avi', 1, '0000-00-00 00:00:00', 4),
(1537, 'Sexe entre amis', NULL, NULL, NULL, 0, 'avi', 1, '0000-00-00 00:00:00', 2),
(1538, 'Shaft - Les Nuits Rouges de Harlem', NULL, NULL, NULL, 0, 'mp4', 1, '0000-00-00 00:00:00', 1),
(1539, 'Shaft', NULL, NULL, NULL, 0, 'avi', 1, '0000-00-00 00:00:00', 1),
(1540, 'Shank', NULL, NULL, NULL, 0, 'avi', 1, '0000-00-00 00:00:00', 3),
(1541, 'Shaolin Soccer', NULL, NULL, NULL, 0, 'avi', 1, '0000-00-00 00:00:00', 4),
(1542, 'Shaolin', NULL, NULL, NULL, 0, 'avi', 1, '0000-00-00 00:00:00', 2),
(1543, 'Sharknado', NULL, NULL, NULL, 1, 'avi', 1, '0000-00-00 00:00:00', 4),
(1544, 'Shaun le Mouton', NULL, NULL, NULL, 0, 'avi', 2, '0000-00-00 00:00:00', 1),
(1545, 'Shaun Of The Dead', NULL, NULL, NULL, 1, 'avi', 1, '0000-00-00 00:00:00', 1),
(1546, 'Sheitan', NULL, NULL, NULL, 0, 'avi', 1, '0000-00-00 00:00:00', 3),
(1547, 'Sherlock Holmes 2 - Jeux d''Ombres', NULL, NULL, NULL, 1, 'avi', 1, '0000-00-00 00:00:00', 2),
(1548, 'Sherlock Holmes', NULL, NULL, NULL, 1, 'mkv', 1, '0000-00-00 00:00:00', 2),
(1549, 'Shoo''Em Up', NULL, NULL, NULL, 1, 'avi', 1, '0000-00-00 00:00:00', 3),
(1550, 'Shooter', NULL, NULL, NULL, 1, 'avi', 1, '0000-00-00 00:00:00', 1),
(1551, 'Shooters', NULL, NULL, NULL, 0, 'avi', 1, '0000-00-00 00:00:00', 2),
(1552, 'Shrek 1', NULL, NULL, NULL, 1, 'avi', 2, '0000-00-00 00:00:00', 1),
(1553, 'Shrek 2', NULL, NULL, NULL, 1, 'avi', 2, '0000-00-00 00:00:00', 1),
(1554, 'Shrek 3', NULL, NULL, NULL, 1, 'avi', 2, '0000-00-00 00:00:00', 1),
(1555, 'Shrek 4', NULL, NULL, NULL, 1, 'avi', 2, '0000-00-00 00:00:00', 1),
(1556, 'Shrek-Joyeux Noel', NULL, NULL, NULL, 0, 'avi', 2, '0000-00-00 00:00:00', 3),
(1557, 'Shutter Island', NULL, NULL, NULL, 0, 'avi', 1, '0000-00-00 00:00:00', 3),
(1558, 'Signes', NULL, NULL, NULL, 0, 'avi', 1, '0000-00-00 00:00:00', 4),
(1559, 'Simbad La Legende Des Septs Mers', NULL, NULL, NULL, 1, 'avi', 3, '0000-00-00 00:00:00', 1),
(1560, 'Sin City 2 J''ai Tué Pour Elle', NULL, NULL, NULL, 1, 'avi', 1, '0000-00-00 00:00:00', 4),
(1561, 'Sin City', NULL, NULL, NULL, 1, 'avi', 1, '0000-00-00 00:00:00', 1),
(1562, 'Singularity', NULL, NULL, NULL, 0, 'avi', 1, '0000-00-00 00:00:00', 1),
(1563, 'Sixieme Sens', NULL, NULL, NULL, 1, 'avi', 1, '0000-00-00 00:00:00', 1),
(1564, 'Sleepless', NULL, NULL, NULL, 0, 'avi', 1, '0000-00-00 00:00:00', 1),
(1565, 'Sleepy Hollow', NULL, NULL, NULL, 1, 'avi', 1, '0000-00-00 00:00:00', 1),
(1566, 'Slevin', NULL, NULL, NULL, 1, 'avi', 1, '0000-00-00 00:00:00', 1),
(1567, 'SMS', NULL, NULL, NULL, 0, 'avi', 1, '0000-00-00 00:00:00', 2),
(1568, 'Snatch', NULL, NULL, NULL, 1, 'avi', 1, '0000-00-00 00:00:00', 1),
(1569, 'Sniper - Reloaded', NULL, NULL, NULL, 1, 'avi', 1, '0000-00-00 00:00:00', 2),
(1570, 'Snipers Tireurs d''Elite', NULL, NULL, NULL, 1, 'avi', 1, '0000-00-00 00:00:00', 3),
(1571, 'Snowden', NULL, NULL, NULL, 0, 'avi', 1, '0000-00-00 00:00:00', 4),
(1572, 'Snowpiercer', NULL, NULL, NULL, 1, 'avi', 1, '0000-00-00 00:00:00', 4),
(1573, 'Solomon Kane', NULL, NULL, NULL, 0, 'avi', 1, '0000-00-00 00:00:00', 3),
(1574, 'Son Ex Et Moi', NULL, NULL, NULL, 0, 'avi', 1, '0000-00-00 00:00:00', 4),
(1575, 'Source Code', NULL, NULL, NULL, 1, 'avi', 1, '0000-00-00 00:00:00', 3),
(1576, 'Souris City', NULL, NULL, NULL, 1, 'avi', 2, '0000-00-00 00:00:00', 1),
(1577, 'Sous le Même Toit', NULL, NULL, NULL, 0, 'avi', 1, '0000-00-00 00:00:00', 4),
(1578, 'Space Battleship', NULL, NULL, NULL, 0, 'avi', 1, '0000-00-00 00:00:00', 2),
(1579, 'Space Cowboys', NULL, NULL, NULL, 1, 'avi', 1, '0000-00-00 00:00:00', 1),
(1580, 'Space Jam', NULL, NULL, NULL, 0, 'avi', 1, '0000-00-00 00:00:00', 1),
(1581, 'Spartatouille', NULL, NULL, NULL, 0, 'avi', 1, '0000-00-00 00:00:00', 3),
(1582, 'Special ID', NULL, NULL, NULL, 1, 'avi', 1, '0000-00-00 00:00:00', 2),
(1583, 'Special ops', NULL, NULL, NULL, 0, 'avi', 1, '0000-00-00 00:00:00', 4),
(1584, 'Speed 2', NULL, NULL, NULL, 0, 'avi', 1, '0000-00-00 00:00:00', 1),
(1585, 'Speed Racer', NULL, NULL, NULL, 1, 'avi', 2, '0000-00-00 00:00:00', 1),
(1586, 'Speed', NULL, NULL, NULL, 1, 'avi', 1, '0000-00-00 00:00:00', 1),
(1587, 'SPHERE', NULL, NULL, NULL, 0, 'avi', 1, '0000-00-00 00:00:00', 4),
(1588, 'Spider Man - Homecoming', NULL, NULL, NULL, 1, 'avi', 1, '0000-00-00 00:00:00', 1),
(1589, 'Spider Man I', NULL, NULL, NULL, 1, 'avi', 1, '0000-00-00 00:00:00', 1),
(1590, 'Spider Man II', NULL, NULL, NULL, 1, 'avi', 1, '0000-00-00 00:00:00', 1),
(1591, 'Spider Man III', NULL, NULL, NULL, 1, 'avi', 1, '0000-00-00 00:00:00', 1),
(1592, 'Spirit, L''Etalon Des Plaines', NULL, NULL, NULL, 1, 'avi', 3, '0000-00-00 00:00:00', 3),
(1593, 'Splash', NULL, NULL, NULL, 0, 'avi', 1, '0000-00-00 00:00:00', 4),
(1594, 'Split', NULL, NULL, NULL, 0, 'mkv', 1, '0000-00-00 00:00:00', 1),
(1595, 'Spring Breakers', NULL, NULL, NULL, 0, 'avi', 1, '0000-00-00 00:00:00', 4),
(1596, 'Spy Game', NULL, NULL, NULL, 0, 'avi', 1, '0000-00-00 00:00:00', 4),
(1597, 'Stalingrad', NULL, NULL, NULL, 1, 'avi', 1, '0000-00-00 00:00:00', 1),
(1598, 'Star Trek - Into Darkness', NULL, NULL, NULL, 1, 'avi', 1, '0000-00-00 00:00:00', 2),
(1599, 'Star Trek 3 - Sans Limites', NULL, NULL, NULL, 1, 'avi', 1, '0000-00-00 00:00:00', 4),
(1600, 'Star Trek', NULL, NULL, NULL, 1, 'avi', 1, '0000-00-00 00:00:00', 1),
(1601, 'Star Wars - The Clone Wars', NULL, NULL, NULL, 1, 'avi', 2, '0000-00-00 00:00:00', 1),
(1602, 'Star Wars I - La Menace Fantôme', NULL, NULL, NULL, 1, 'avi', 1, '0000-00-00 00:00:00', 1),
(1603, 'Star Wars II - L''Attaque des Clones', NULL, NULL, NULL, 1, 'avi', 1, '0000-00-00 00:00:00', 1),
(1604, 'Star Wars III - La Revanche Des Sith', NULL, NULL, NULL, 1, 'avi', 1, '0000-00-00 00:00:00', 1),
(1605, 'Star Wars IV - Un Nouvel Espoir', NULL, NULL, NULL, 1, 'avi', 1, '0000-00-00 00:00:00', 1),
(1606, 'Star Wars V - L''Empire Contre-Attaque', NULL, NULL, NULL, 1, 'avi', 1, '0000-00-00 00:00:00', 1),
(1607, 'Star Wars VI - Le Retour Du Jedi', NULL, NULL, NULL, 1, 'avi', 1, '0000-00-00 00:00:00', 1),
(1608, 'Star Wars VII - Le Réveil de la Force', NULL, NULL, NULL, 1, 'avi', 1, '0000-00-00 00:00:00', 4),
(1609, 'Stargate - Continuum', NULL, NULL, NULL, 0, 'avi', 1, '0000-00-00 00:00:00', 1),
(1610, 'Stargate - La Porte des étoiles', NULL, NULL, NULL, 0, 'avi', 1, '0000-00-00 00:00:00', 1),
(1611, 'Stargate - L''arche De La Vérité', NULL, NULL, NULL, 0, 'avi', 1, '0000-00-00 00:00:00', 1),
(1612, 'Starship Troopers 2', NULL, NULL, NULL, 1, 'avi', 1, '0000-00-00 00:00:00', 4),
(1613, 'Starship Troopers 3 Marauder', NULL, NULL, NULL, 1, 'avi', 1, '0000-00-00 00:00:00', 4),
(1614, 'Starship Troopers Invasion', NULL, NULL, NULL, 0, 'avi', 1, '0000-00-00 00:00:00', 4),
(1615, 'Starship Troopers', NULL, NULL, NULL, 1, 'avi', 1, '0000-00-00 00:00:00', 3),
(1616, 'Step Brothers', NULL, NULL, NULL, 0, 'avi', 1, '0000-00-00 00:00:00', 3),
(1617, 'Stephane Guillon en Avant la Musique', NULL, NULL, NULL, 0, 'avi', 1, '0000-00-00 00:00:00', 3),
(1618, 'Stolen', NULL, NULL, NULL, 0, 'avi', 1, '0000-00-00 00:00:00', 4),
(1619, 'Strange Magic', NULL, NULL, NULL, 0, 'avi', 2, '0000-00-00 00:00:00', 2),
(1620, 'Street Fighter', NULL, NULL, NULL, 1, 'mp4', 1, '0000-00-00 00:00:00', 4),
(1621, 'Sublime Creatures', NULL, NULL, NULL, 1, 'avi', 1, '0000-00-00 00:00:00', 2),
(1622, 'Subway', NULL, NULL, NULL, 0, 'avi', 1, '0000-00-00 00:00:00', 1),
(1623, 'Sucker Punch', NULL, NULL, NULL, 1, 'avi', 1, '0000-00-00 00:00:00', 3),
(1624, 'Suicide Squad', NULL, NULL, NULL, 1, 'avi', 1, '0000-00-00 00:00:00', 4),
(1625, 'Sunshine', NULL, NULL, NULL, 1, 'avi', 1, '0000-00-00 00:00:00', 1),
(1626, 'Super 8', NULL, NULL, NULL, 0, 'avi', 1, '0000-00-00 00:00:00', 4),
(1627, 'Supercondriaque', NULL, NULL, NULL, 1, 'avi', 1, '0000-00-00 00:00:00', 4),
(1628, 'Supergrave', NULL, NULL, NULL, 0, 'avi', 1, '0000-00-00 00:00:00', 1),
(1629, 'Superhero Movie', NULL, NULL, NULL, 0, 'avi', 1, '0000-00-00 00:00:00', 1),
(1630, 'Superman Returns', NULL, NULL, NULL, 1, 'avi', 1, '0000-00-00 00:00:00', 1),
(1631, 'Superman The Man of Steel', NULL, NULL, NULL, 1, 'avi', 1, '0000-00-00 00:00:00', 4),
(1632, 'Sur la Piste du Marsupilami', NULL, NULL, NULL, 1, 'avi', 1, '0000-00-00 00:00:00', 2),
(1633, 'Sur La Terre Des Dinosaures', NULL, NULL, NULL, 0, 'avi', 1, '0000-00-00 00:00:00', 2),
(1634, 'Suspicions', NULL, NULL, NULL, 0, 'avi', 1, '0000-00-00 00:00:00', 1),
(1635, 'Sweeney Todd Le Diabolique Barbier De Fleet Street', NULL, NULL, NULL, 1, 'avi', 1, '0000-00-00 00:00:00', 1),
(1636, 'Sweet November', NULL, NULL, NULL, 0, 'avi', 1, '0000-00-00 00:00:00', 1),
(1637, 'Tactical Force', NULL, NULL, NULL, 1, 'avi', 1, '0000-00-00 00:00:00', 2),
(1638, 'Tai Chi Zero', NULL, NULL, NULL, 1, 'avi', 1, '0000-00-00 00:00:00', 2),
(1639, 'Tais-Toi', NULL, NULL, NULL, 1, 'avi', 1, '0000-00-00 00:00:00', 1),
(1640, 'Taken 2', NULL, NULL, NULL, 1, 'avi', 1, '0000-00-00 00:00:00', 2),
(1641, 'Taken 3', NULL, NULL, NULL, 1, 'avi', 1, '0000-00-00 00:00:00', 4),
(1642, 'Taken', NULL, NULL, NULL, 1, 'avi', 1, '0000-00-00 00:00:00', 1),
(1643, 'Takers', NULL, NULL, NULL, 0, 'avi', 1, '0000-00-00 00:00:00', 3),
(1644, 'Tango & Cash', NULL, NULL, NULL, 1, 'avi', 1, '0000-00-00 00:00:00', 4),
(1645, 'Tanguy', NULL, NULL, NULL, 0, 'avi', 1, '0000-00-00 00:00:00', 1),
(1646, 'Tapped Out', NULL, NULL, NULL, 0, 'avi', 1, '0000-00-00 00:00:00', 4),
(1647, 'Target', NULL, NULL, NULL, 1, 'avi', 1, '0000-00-00 00:00:00', 2),
(1648, 'Tarzan', NULL, NULL, NULL, 1, 'avi', 2, '0000-00-00 00:00:00', 4),
(1649, 'Taxi 1', NULL, NULL, NULL, 1, 'avi', 1, '0000-00-00 00:00:00', 1),
(1650, 'Taxi 2', NULL, NULL, NULL, 1, 'avi', 1, '0000-00-00 00:00:00', 1),
(1651, 'Taxi 4', NULL, NULL, NULL, 1, 'avi', 1, '0000-00-00 00:00:00', 1),
(1652, 'Taxi Driver', NULL, NULL, NULL, 0, 'avi', 1, '0000-00-00 00:00:00', 1),
(1653, 'Teen Titans - The Judas Contract', NULL, NULL, NULL, 0, 'avi', 3, '0000-00-00 00:00:00', 1),
(1654, 'TEKKEN  - Blood Vengeance', NULL, NULL, NULL, 1, 'avi', 1, '0000-00-00 00:00:00', 2),
(1655, 'TEKKEN', NULL, NULL, NULL, 1, 'avi', 1, '0000-00-00 00:00:00', 2),
(1656, 'Tempête de Boulettes Géantes', NULL, NULL, NULL, 1, 'avi', 2, '0000-00-00 00:00:00', 1),
(1657, 'Tenacious D - The pick of destiny', NULL, NULL, NULL, 0, 'avi', 1, '0000-00-00 00:00:00', 4),
(1658, 'Tenue de Soirée', NULL, NULL, NULL, 0, 'avi', 1, '0000-00-00 00:00:00', 4),
(1659, 'Terminagolf', NULL, NULL, NULL, 0, 'avi', 1, '0000-00-00 00:00:00', 1),
(1660, 'Terminator Genesys', NULL, NULL, NULL, 1, 'avi', 1, '0000-00-00 00:00:00', 4),
(1661, 'Terminator I', NULL, NULL, NULL, 1, 'avi', 1, '0000-00-00 00:00:00', 1),
(1662, 'Terminator II - Le Jugement Dernier', NULL, NULL, NULL, 1, 'avi', 1, '0000-00-00 00:00:00', 1),
(1663, 'Terminator III', NULL, NULL, NULL, 1, 'avi', 1, '0000-00-00 00:00:00', 1),
(1664, 'Terminator IV - Renaissance', NULL, NULL, NULL, 1, 'avi', 1, '0000-00-00 00:00:00', 1),
(1665, 'The Agent', NULL, NULL, NULL, 0, 'avi', 1, '0000-00-00 00:00:00', 4),
(1666, 'The Amazing Spiderman 2', NULL, NULL, NULL, 1, 'avi', 1, '0000-00-00 00:00:00', 4),
(1667, 'The Amazing Spiderman', NULL, NULL, NULL, 1, 'avi', 1, '0000-00-00 00:00:00', 2),
(1668, 'The American', NULL, NULL, NULL, 0, 'avi', 1, '0000-00-00 00:00:00', 3),
(1669, 'The Arena', NULL, NULL, NULL, 0, 'avi', 1, '0000-00-00 00:00:00', 1),
(1670, 'The Artist', NULL, NULL, NULL, 0, 'mkv', 1, '0000-00-00 00:00:00', 1),
(1671, 'The Avengers 2 - L''Age d''Ultron', NULL, NULL, NULL, 1, 'avi', 1, '0000-00-00 00:00:00', 4),
(1672, 'The Avengers', NULL, NULL, NULL, 1, 'avi', 1, '0000-00-00 00:00:00', 2),
(1673, 'The Bannen Way', NULL, NULL, NULL, 0, 'avi', 1, '0000-00-00 00:00:00', 2),
(1674, 'The Baytown Outlaws', NULL, NULL, NULL, 1, 'avi', 1, '0000-00-00 00:00:00', 2),
(1675, 'The Big Lebowski', NULL, NULL, NULL, 0, 'avi', 1, '0000-00-00 00:00:00', 4),
(1676, 'The Boxtrolls', NULL, NULL, NULL, 1, 'avi', 2, '0000-00-00 00:00:00', 2),
(1677, 'The Boyfriend - Pourquoi Lui', NULL, NULL, NULL, 0, 'avi', 1, '0000-00-00 00:00:00', 4),
(1678, 'The Brothers Grimsby', NULL, NULL, NULL, 1, 'avi', 1, '0000-00-00 00:00:00', 4),
(1679, 'The Campaign', NULL, NULL, NULL, 0, 'avi', 1, '0000-00-00 00:00:00', 2),
(1680, 'The Cleaner (scènes de crimes)', NULL, NULL, NULL, 1, 'avi', 1, '0000-00-00 00:00:00', 3),
(1681, 'The Cleaner', NULL, NULL, NULL, 0, 'avi', 1, '0000-00-00 00:00:00', 3),
(1682, 'The Counselor', NULL, NULL, NULL, 0, 'avi', 1, '0000-00-00 00:00:00', 2),
(1683, 'The Covenant', NULL, NULL, NULL, 0, 'avi', 1, '0000-00-00 00:00:00', 1),
(1684, 'The Dictator', NULL, NULL, NULL, 1, 'avi', 1, '0000-00-00 00:00:00', 2),
(1685, 'The Driver', NULL, NULL, NULL, 0, 'avi', 1, '0000-00-00 00:00:00', 1),
(1686, 'The Equalizer', NULL, NULL, NULL, 1, 'mkv', 1, '0000-00-00 00:00:00', 3),
(1687, 'The Expendables 2', NULL, NULL, NULL, 1, 'avi', 1, '0000-00-00 00:00:00', 2),
(1688, 'The Expendables 3', NULL, NULL, NULL, 1, 'avi', 1, '0000-00-00 00:00:00', 3),
(1689, 'The Expendables Unité Spéciale', NULL, NULL, NULL, 1, 'avi', 1, '0000-00-00 00:00:00', 3),
(1690, 'The Experiment', NULL, NULL, NULL, 0, 'avi', 1, '0000-00-00 00:00:00', 2),
(1691, 'The Face of Love', NULL, NULL, NULL, 0, 'avi', 1, '0000-00-00 00:00:00', 2),
(1692, 'The Faculty', NULL, NULL, NULL, 0, 'avi', 1, '0000-00-00 00:00:00', 3),
(1693, 'The Family Man', NULL, NULL, NULL, 1, 'avi', 1, '0000-00-00 00:00:00', 3),
(1694, 'The Full Monty', NULL, NULL, NULL, 0, 'avi', 1, '0000-00-00 00:00:00', 1),
(1695, 'The Game', NULL, NULL, NULL, 0, 'avi', 1, '0000-00-00 00:00:00', 1),
(1696, 'The Girl Next Door', NULL, NULL, NULL, 1, 'avi', 1, '0000-00-00 00:00:00', 1),
(1697, 'The Grand Budapest Hotel', NULL, NULL, NULL, 0, 'avi', 1, '0000-00-00 00:00:00', 4),
(1698, 'The Grandmaster', NULL, NULL, NULL, 0, 'avi', 1, '0000-00-00 00:00:00', 2),
(1699, 'The Green Hornet', NULL, NULL, NULL, 1, 'avi', 1, '0000-00-00 00:00:00', 3),
(1700, 'The Gruffalos Child', NULL, NULL, NULL, 0, 'avi', 2, '0000-00-00 00:00:00', 1),
(1701, 'The Guardian Brothers', NULL, NULL, NULL, 0, 'avi', 2, '0000-00-00 00:00:00', 4),
(1702, 'The Hit Girls', NULL, NULL, NULL, 0, 'avi', 1, '0000-00-00 00:00:00', 2),
(1703, 'The Holiday', NULL, NULL, NULL, 0, 'avi', 1, '0000-00-00 00:00:00', 3),
(1704, 'The Hunter''s Prayer', NULL, NULL, NULL, 0, 'avi', 1, '0000-00-00 00:00:00', 4),
(1705, 'The Island', NULL, NULL, NULL, 1, 'avi', 1, '0000-00-00 00:00:00', 1),
(1706, 'The Jungle Book', NULL, NULL, NULL, 0, 'avi', 1, '0000-00-00 00:00:00', 4),
(1707, 'The Karate Kid', NULL, NULL, NULL, 0, 'avi', 1, '0000-00-00 00:00:00', 2),
(1708, 'The King Fighters', NULL, NULL, NULL, 0, 'avi', 1, '0000-00-00 00:00:00', 2),
(1709, 'The Legend of Tarzan', NULL, NULL, NULL, 0, 'avi', 1, '0000-00-00 00:00:00', 4),
(1710, 'The Lego Batman', NULL, NULL, NULL, 1, 'avi', 2, '0000-00-00 00:00:00', 1),
(1711, 'The Lost Bladesman', NULL, NULL, NULL, 0, 'mkv', 1, '0000-00-00 00:00:00', 2),
(1712, 'The Lost City Of Z', NULL, NULL, NULL, 0, 'avi', 1, '0000-00-00 00:00:00', 1),
(1713, 'The Madagascar Penguins In A Christmas Caper', NULL, NULL, NULL, 1, 'avi', 2, '0000-00-00 00:00:00', 1),
(1714, 'The Majestic', NULL, NULL, NULL, 0, 'avi', 1, '0000-00-00 00:00:00', 1),
(1715, 'The Mask', NULL, NULL, NULL, 1, 'avi', 1, '0000-00-00 00:00:00', 1),
(1716, 'The Monuments Men', NULL, NULL, NULL, 1, 'avi', 1, '0000-00-00 00:00:00', 2),
(1717, 'The Mortal Instruments - City of Bones', NULL, NULL, NULL, 0, 'avi', 1, '0000-00-00 00:00:00', 4),
(1718, 'The Nice Guys', NULL, NULL, NULL, 0, 'mkv', 1, '0000-00-00 00:00:00', 1),
(1719, 'The Night Before', NULL, NULL, NULL, 0, 'mkv', 1, '0000-00-00 00:00:00', 4),
(1720, 'The November Man 2', NULL, NULL, NULL, 0, 'mkv', 1, '0000-00-00 00:00:00', 1),
(1721, 'The November Man', NULL, NULL, NULL, 0, 'avi', 1, '0000-00-00 00:00:00', 3),
(1722, 'The One', NULL, NULL, NULL, 1, 'avi', 1, '0000-00-00 00:00:00', 1),
(1723, 'The Package', NULL, NULL, NULL, 0, 'avi', 1, '0000-00-00 00:00:00', 2),
(1724, 'The Patriot', NULL, NULL, NULL, 0, 'AVI', 1, '0000-00-00 00:00:00', 3),
(1725, 'The Polar Express', NULL, NULL, NULL, 1, 'avi', 2, '0000-00-00 00:00:00', 1),
(1726, 'The Punisher - War Zone', NULL, NULL, NULL, 1, 'avi', 1, '0000-00-00 00:00:00', 1),
(1727, 'The Punisher', NULL, NULL, NULL, 1, 'avi', 1, '0000-00-00 00:00:00', 3),
(1728, 'The Raid 2', NULL, NULL, NULL, 1, 'avi', 1, '0000-00-00 00:00:00', 4),
(1729, 'The Raid', NULL, NULL, NULL, 1, 'avi', 1, '0000-00-00 00:00:00', 2),
(1730, 'The Redemption', NULL, NULL, NULL, 0, 'avi', 1, '0000-00-00 00:00:00', 1),
(1731, 'The Revenant', NULL, NULL, NULL, 0, 'avi', 1, '0000-00-00 00:00:00', 4),
(1732, 'The ReZort', NULL, NULL, NULL, 0, 'avi', 1, '0000-00-00 00:00:00', 1),
(1733, 'The Rock', NULL, NULL, NULL, 1, 'avi', 1, '0000-00-00 00:00:00', 1),
(1734, 'The Running Man', NULL, NULL, NULL, 1, 'avi', 1, '0000-00-00 00:00:00', 4),
(1735, 'The Salvation', NULL, NULL, NULL, 0, 'mkv', 1, '0000-00-00 00:00:00', 4),
(1736, 'The Sanctuary', NULL, NULL, NULL, 0, 'avi', 1, '0000-00-00 00:00:00', 2),
(1737, 'The Secret Life of Walter Mitty', NULL, NULL, NULL, 0, 'avi', 1, '0000-00-00 00:00:00', 4),
(1738, 'The Sentinel', NULL, NULL, NULL, 1, 'avi', 1, '0000-00-00 00:00:00', 1),
(1739, 'The Social Network', NULL, NULL, NULL, 0, 'avi', 1, '0000-00-00 00:00:00', 4),
(1740, 'The Spirit', NULL, NULL, NULL, 1, 'avi', 1, '0000-00-00 00:00:00', 3),
(1741, 'The Stranger', NULL, NULL, NULL, 0, 'avi', 1, '0000-00-00 00:00:00', 3),
(1742, 'The Tiger Blade', NULL, NULL, NULL, 0, 'avi', 1, '0000-00-00 00:00:00', 2),
(1743, 'The Tournament', NULL, NULL, NULL, 0, 'avi', 1, '0000-00-00 00:00:00', 1),
(1744, 'The Truman Show', NULL, NULL, NULL, 1, 'avi', 1, '0000-00-00 00:00:00', 1),
(1745, 'The Warriors Gate', NULL, NULL, NULL, 0, 'avi', 1, '0000-00-00 00:00:00', 1),
(1746, 'The Watcher', NULL, NULL, NULL, 0, 'AVI', 1, '0000-00-00 00:00:00', 4),
(1747, 'The Wrestler', NULL, NULL, NULL, 0, 'avi', 1, '0000-00-00 00:00:00', 1),
(1748, 'The Zodiac - True Story', NULL, NULL, NULL, 1, 'avi', 1, '0000-00-00 00:00:00', 1),
(1749, 'Thor - Le Monde Des Ténèbres', NULL, NULL, NULL, 1, 'avi', 1, '0000-00-00 00:00:00', 2),
(1750, 'Thor', NULL, NULL, NULL, 1, 'avi', 1, '0000-00-00 00:00:00', 3),
(1751, 'Tigre et Dragon', NULL, NULL, NULL, 1, 'avi', 1, '0000-00-00 00:00:00', 1),
(1752, 'Tik Tok', NULL, NULL, NULL, 0, 'mkv', 1, '0000-00-00 00:00:00', 1),
(1753, 'Time Out', NULL, NULL, NULL, 1, 'avi', 1, '0000-00-00 00:00:00', 2),
(1754, 'Tonnerre Sous les Tropiques', '2008-10-15', 'http://fr.web.img3.acsta.net/medias/nmedia/18/64/04/69/18976808.jpg', 'null', 1, 'avi', 1, '0000-00-00 00:00:00', 3),
(1755, 'Top Gun', NULL, NULL, NULL, 1, 'avi', 1, '0000-00-00 00:00:00', 1),
(1756, 'Torpedo', NULL, NULL, NULL, 1, 'avi', 1, '0000-00-00 00:00:00', 2),
(1757, 'Tortues Ninja 2', NULL, NULL, NULL, 1, 'avi', 1, '0000-00-00 00:00:00', 4),
(1758, 'Tortues Ninja', NULL, NULL, NULL, 1, 'avi', 1, '0000-00-00 00:00:00', 3),
(1759, 'Total Recall (Shwarzy)', NULL, NULL, NULL, 1, 'avi', 1, '0000-00-00 00:00:00', 4),
(1760, 'Total Recall', NULL, NULL, NULL, 1, 'avi', 1, '0000-00-00 00:00:00', 4),
(1761, 'Tous en Scène', NULL, NULL, NULL, 1, 'avi', 2, '0000-00-00 00:00:00', 4),
(1762, 'Tout Sauf en Famille', NULL, NULL, NULL, 1, 'avi', 1, '0000-00-00 00:00:00', 4),
(1763, 'Toy Story 2', NULL, NULL, NULL, 1, 'avi', 2, '0000-00-00 00:00:00', 1),
(1764, 'Toy Story 3', NULL, NULL, NULL, 1, 'avi', 2, '0000-00-00 00:00:00', 3),
(1765, 'Toy Story', NULL, NULL, NULL, 1, 'avi', 2, '0000-00-00 00:00:00', 1),
(1766, 'Training Day', NULL, NULL, NULL, 1, 'flv', 1, '0000-00-00 00:00:00', 1),
(1767, 'Trainspotting', NULL, NULL, NULL, 0, 'avi', 1, '0000-00-00 00:00:00', 1),
(1768, 'Transcendence', NULL, NULL, NULL, 0, 'avi', 1, '0000-00-00 00:00:00', 4),
(1769, 'Transformers 2 - Revenge Of The Fallen', NULL, NULL, NULL, 1, 'mkv', 1, '0000-00-00 00:00:00', 3),
(1770, 'Transformers 3 - La Face Cachée de la Lune', NULL, NULL, NULL, 1, 'avi', 1, '0000-00-00 00:00:00', 2),
(1771, 'Transformers 4 - Age of Extinction', NULL, NULL, NULL, 1, 'avi', 1, '0000-00-00 00:00:00', 4),
(1772, 'Transformers 5 - The Last Knight', NULL, NULL, NULL, 1, 'avi', 1, '0000-00-00 00:00:00', 4),
(1773, 'Transformers', NULL, NULL, NULL, 1, 'mkv', 1, '0000-00-00 00:00:00', 2),
(1774, 'Treize à la Douzaine 2', NULL, NULL, NULL, 0, 'avi', 1, '0000-00-00 00:00:00', 1),
(1775, 'Treize à la Douzaine', NULL, NULL, NULL, 1, 'avi', 1, '0000-00-00 00:00:00', 1),
(1776, 'Triple 9', NULL, NULL, NULL, 0, 'avi', 1, '0000-00-00 00:00:00', 4),
(1777, 'Troie', NULL, NULL, NULL, 1, 'avi', 1, '0000-00-00 00:00:00', 3),
(1778, 'Tron (Anime)', NULL, NULL, NULL, 0, 'avi', 3, '0000-00-00 00:00:00', 2),
(1779, 'Tron l''Héritage', NULL, NULL, NULL, 1, 'avi', 1, '0000-00-00 00:00:00', 3),
(1780, 'True Grit', NULL, NULL, NULL, 0, 'avi', 1, '0000-00-00 00:00:00', 4),
(1781, 'True Legend', NULL, NULL, NULL, 0, 'avi', 1, '0000-00-00 00:00:00', 2),
(1782, 'True Lies', NULL, NULL, NULL, 1, 'avi', 1, '0000-00-00 00:00:00', 3),
(1783, 'Tu ne Tueras Point', NULL, NULL, NULL, 0, 'mkv', 1, '0000-00-00 00:00:00', 1),
(1784, 'Tu Veux Ou Tu Veux Pas', NULL, NULL, NULL, 0, 'avi', 1, '0000-00-00 00:00:00', 4),
(1785, 'Tucker et Dale fight le mal', NULL, NULL, NULL, 1, 'avi', 1, '0000-00-00 00:00:00', 2),
(1786, 'Tuer n''est Pas Jouer', NULL, NULL, NULL, 1, 'avi', 1, '0000-00-00 00:00:00', 1),
(1787, 'Turbo', NULL, NULL, NULL, 1, 'avi', 2, '0000-00-00 00:00:00', 2),
(1788, 'Twilight 1 - Fascination', NULL, NULL, NULL, 1, 'avi', 1, '0000-00-00 00:00:00', 2),
(1789, 'Twilight 2 - Tentation', NULL, NULL, NULL, 1, 'avi', 1, '0000-00-00 00:00:00', 2),
(1790, 'Twilight 3 - Hésitation', NULL, NULL, NULL, 1, 'avi', 1, '0000-00-00 00:00:00', 2),
(1791, 'Twilight 4 - Révélation', NULL, NULL, NULL, 1, 'avi', 1, '0000-00-00 00:00:00', 2),
(1792, 'Twilight 5 - Révélation', NULL, NULL, NULL, 1, 'avi', 1, '0000-00-00 00:00:00', 2),
(1793, 'Twister', NULL, NULL, NULL, 1, 'avi', 1, '0000-00-00 00:00:00', 4),
(1794, 'U-571', NULL, NULL, NULL, 1, 'avi', 1, '0000-00-00 00:00:00', 4),
(1795, 'Ultimate Game', NULL, NULL, NULL, 1, 'avi', 1, '0000-00-00 00:00:00', 2),
(1796, 'Ultime Combat', NULL, NULL, NULL, 1, 'avi', 1, '0000-00-00 00:00:00', 1),
(1797, 'Ultraviolet', NULL, NULL, NULL, 0, 'avi', 1, '0000-00-00 00:00:00', 3),
(1798, 'Un Couple à la Mer', NULL, NULL, NULL, 1, 'avi', 1, '0000-00-00 00:00:00', 2),
(1799, 'Un Fauteuil Pour 2', NULL, NULL, NULL, 0, 'avi', 1, '0000-00-00 00:00:00', 4),
(1800, 'Un Homme d''Exception', NULL, NULL, NULL, 0, 'avi', 1, '0000-00-00 00:00:00', 4),
(1801, 'Un Indien dans la ville', NULL, NULL, NULL, 1, 'avi', 1, '0000-00-00 00:00:00', 3),
(1802, 'Un Jour sans fin', NULL, NULL, NULL, 1, 'avi', 1, '0000-00-00 00:00:00', 3),
(1803, 'Un Monstre à Paris', NULL, NULL, NULL, 0, 'avi', 2, '0000-00-00 00:00:00', 2),
(1804, 'Un Peu Beaucoup Aveuglément', NULL, NULL, NULL, 0, 'avi', 1, '0000-00-00 00:00:00', 4),
(1805, 'Un Plan Parfait', NULL, NULL, NULL, 0, 'avi', 1, '0000-00-00 00:00:00', 4),
(1806, 'Un Pont Trop Loin', NULL, NULL, NULL, 0, 'avi', 1, '0000-00-00 00:00:00', 4),
(1807, 'Un Prince a New-York', NULL, NULL, NULL, 0, 'avi', 1, '0000-00-00 00:00:00', 4),
(1808, 'Un Prof Pas Comme Les Autres', NULL, NULL, NULL, 0, 'avi', 1, '0000-00-00 00:00:00', 4),
(1809, 'Un Seul Deviendra Invincible 1', NULL, NULL, NULL, 1, 'avi', 1, '0000-00-00 00:00:00', 2),
(1810, 'Un Seul Deviendra Invincible 2', NULL, NULL, NULL, 1, 'avi', 1, '0000-00-00 00:00:00', 2),
(1811, 'Un Seul Deviendra Invincible 3', NULL, NULL, NULL, 1, 'avi', 1, '0000-00-00 00:00:00', 2),
(1812, 'Un Seul Deviendra Invincible 4', NULL, NULL, NULL, 1, 'avi', 1, '0000-00-00 00:00:00', 1),
(1813, 'Un Taxi Pour Tobrouk', NULL, NULL, NULL, 0, 'avi', 1, '0000-00-00 00:00:00', 1),
(1814, 'Under the Skin', NULL, NULL, NULL, 0, 'avi', 1, '0000-00-00 00:00:00', 4),
(1815, 'Underworld - Blood Wars', NULL, NULL, NULL, 1, 'avi', 1, '0000-00-00 00:00:00', 4),
(1816, 'Underworld - Nouvelle ère', NULL, NULL, NULL, 1, 'avi', 1, '0000-00-00 00:00:00', 2),
(1817, 'Underworld 1', NULL, NULL, NULL, 1, 'avi', 1, '0000-00-00 00:00:00', 1),
(1818, 'Underworld 2 - Evolution', NULL, NULL, NULL, 1, 'avi', 1, '0000-00-00 00:00:00', 1),
(1819, 'Underworld 3 - Le Soulèvement des Lycans', NULL, NULL, NULL, 1, 'avi', 1, '0000-00-00 00:00:00', 1),
(1820, 'Une Affaire Privée', NULL, NULL, NULL, 0, 'avi', 1, '0000-00-00 00:00:00', 1),
(1821, 'Une Equipe Hors du Commun', NULL, NULL, NULL, 0, 'avi', 1, '0000-00-00 00:00:00', 4),
(1822, 'Une Famille Très Moderne', NULL, NULL, NULL, 0, 'avi', 1, '0000-00-00 00:00:00', 3),
(1823, 'Une Heure De Tranquillité', NULL, NULL, NULL, 0, 'avi', 1, '0000-00-00 00:00:00', 2),
(1824, 'Une Pure Affaire', NULL, NULL, NULL, 0, 'avi', 1, '0000-00-00 00:00:00', 3),
(1825, 'Une Vérité qui Dérange', NULL, NULL, NULL, 1, 'avi', 1, '0000-00-00 00:00:00', 1),
(1826, 'United 93', NULL, NULL, NULL, 0, 'avi', 1, '0000-00-00 00:00:00', 1),
(1827, 'Universal Soldier 2 - The Return', NULL, NULL, NULL, 1, 'mkv', 1, '0000-00-00 00:00:00', 2),
(1828, 'Universal Soldier 3 - Regeneration', NULL, NULL, NULL, 1, 'mp4', 1, '0000-00-00 00:00:00', 2),
(1829, 'Universal Soldier 4 - Le Jour du Jugement', NULL, NULL, NULL, 1, 'avi', 1, '0000-00-00 00:00:00', 2),
(1830, 'Universal Soldier', NULL, NULL, NULL, 1, 'avi', 1, '0000-00-00 00:00:00', 3),
(1831, 'Unstoppable', NULL, NULL, NULL, 0, 'avi', 1, '0000-00-00 00:00:00', 3),
(1832, 'Upside Down', NULL, NULL, NULL, 0, 'mkv', 1, '0000-00-00 00:00:00', 4),
(1833, 'Us Marshall', NULL, NULL, NULL, 0, 'avi', 1, '0000-00-00 00:00:00', 1),
(1834, 'USS Indianapolis - Men of Courage', NULL, NULL, NULL, 0, 'avi', 1, '0000-00-00 00:00:00', 1),
(1835, 'Usual suspect', NULL, NULL, NULL, 0, 'mkv', 1, '0000-00-00 00:00:00', 1),
(1836, 'V Pour Vendetta', NULL, NULL, NULL, 1, 'avi', 1, '0000-00-00 00:00:00', 1),
(1837, 'Vaillant Pigeon de combat', NULL, NULL, NULL, 1, 'avi', 2, '0000-00-00 00:00:00', 1),
(1838, 'Valérian et la Cité des Mille Planètes', NULL, NULL, NULL, 1, 'avi', 1, '0000-00-00 00:00:00', 1),
(1839, 'Van Helsing', NULL, NULL, NULL, 1, 'avi', 1, '0000-00-00 00:00:00', 1),
(1840, 'Vanilla-Sky', NULL, NULL, NULL, 0, 'avi', 1, '0000-00-00 00:00:00', 1),
(1841, 'Vertical limit', NULL, NULL, NULL, 0, 'avi', 1, '0000-00-00 00:00:00', 3),
(1842, 'Very Bad Cops', NULL, NULL, NULL, 1, 'avi', 1, '0000-00-00 00:00:00', 2),
(1843, 'Very Bad Trip 2', NULL, NULL, NULL, 0, 'avi', 1, '0000-00-00 00:00:00', 2),
(1844, 'Very Bad Trip 3', NULL, NULL, NULL, 0, 'avi', 1, '0000-00-00 00:00:00', 2),
(1845, 'Very Bad Trip', NULL, NULL, NULL, 1, 'avi', 1, '0000-00-00 00:00:00', 1),
(1846, 'Vice Versa', NULL, NULL, NULL, 1, 'avi', 2, '0000-00-00 00:00:00', 2),
(1847, 'Victor', NULL, NULL, NULL, 0, 'avi', 1, '0000-00-00 00:00:00', 2),
(1848, 'Viens Voir Papa !', NULL, NULL, NULL, 0, 'avi', 1, '0000-00-00 00:00:00', 2),
(1849, 'Vive La France', NULL, NULL, NULL, 1, 'avi', 1, '0000-00-00 00:00:00', 2),
(1850, 'Vivre et Laisser Mourir', NULL, NULL, NULL, 1, 'avi', 1, '0000-00-00 00:00:00', 1),
(1851, 'Voisins du Troisième Type', NULL, NULL, NULL, 1, 'avi', 1, '0000-00-00 00:00:00', 4),
(1852, 'Volt', NULL, NULL, NULL, 1, 'avi', 2, '0000-00-00 00:00:00', 1),
(1853, 'Volte Face', NULL, NULL, NULL, 1, 'avi', 1, '0000-00-00 00:00:00', 4),
(1854, 'Vous Avez un Message', NULL, NULL, NULL, 0, 'AVI', 1, '0000-00-00 00:00:00', 3),
(1855, 'Voyage Au Centre de la Terre 2', NULL, NULL, NULL, 1, 'avi', 1, '0000-00-00 00:00:00', 2),
(1856, 'Voyage au Centre de la Terre', NULL, NULL, NULL, 1, 'avi', 1, '0000-00-00 00:00:00', 1),
(1857, 'Voyeur', NULL, NULL, NULL, 0, 'avi', 1, '0000-00-00 00:00:00', 3),
(1858, 'Walk Hard - The Dewey Cox Story', NULL, NULL, NULL, 0, 'avi', 1, '0000-00-00 00:00:00', 1),
(1859, 'Walkyrie', NULL, NULL, NULL, 0, 'avi', 1, '0000-00-00 00:00:00', 1),
(1860, 'Wall Street - L''Argent ne Dort Jamais', NULL, NULL, NULL, 0, 'avi', 1, '0000-00-00 00:00:00', 2),
(1861, 'Wallace Et Gromit - Le Mystére Du Lapin Garou', NULL, NULL, NULL, 1, 'avi', 2, '0000-00-00 00:00:00', 3),
(1862, 'Wall-e', NULL, NULL, NULL, 1, 'avi', 2, '0000-00-00 00:00:00', 1),
(1863, 'Walt Disney - Aladdin (1)', NULL, NULL, NULL, 1, 'avi', 3, '0000-00-00 00:00:00', 1),
(1864, 'Walt Disney - Aladdin (2) Le Retour de Jafar', NULL, NULL, NULL, 1, 'avi', 3, '0000-00-00 00:00:00', 1),
(1865, 'Walt Disney - Aladdin (3) et le Roi des Voleurs', NULL, NULL, NULL, 1, 'avi', 3, '0000-00-00 00:00:00', 1),
(1866, 'Walt Disney - Alice Au Pays Des Merveilles', NULL, NULL, NULL, 1, 'avi', 3, '0000-00-00 00:00:00', 1),
(1867, 'Walt Disney - Basil Detective Privé', NULL, NULL, NULL, 1, 'avi', 3, '0000-00-00 00:00:00', 1),
(1868, 'Walt Disney - Bernard et Bianca', NULL, NULL, NULL, 1, 'avi', 3, '0000-00-00 00:00:00', 1),
(1869, 'Walt Disney - Blanche Neige Et Les Sept Nains', NULL, NULL, NULL, 1, 'avi', 3, '0000-00-00 00:00:00', 1),
(1870, 'Walt Disney - Cendrillon', NULL, NULL, NULL, 1, 'avi', 3, '0000-00-00 00:00:00', 1);
INSERT INTO `films` (`id_film`, `titre`, `annee_sortie`, `jaquette`, `lien_allocine`, `est_vu`, `extension`, `id_type`, `date_c`, `id_ddur`) VALUES
(1871, 'Walt Disney - Dumbo', NULL, NULL, NULL, 1, 'avi', 3, '0000-00-00 00:00:00', 1),
(1872, 'Walt Disney - Fantasia 1940 divx fr', NULL, NULL, NULL, 1, 'avi', 3, '0000-00-00 00:00:00', 1),
(1873, 'Walt Disney - Fantasia 2', NULL, NULL, NULL, 0, 'avi', 3, '0000-00-00 00:00:00', 1),
(1874, 'Walt Disney - Frère des Ours', NULL, NULL, NULL, 1, 'avi', 3, '0000-00-00 00:00:00', 1),
(1875, 'Walt Disney - Hercule', NULL, NULL, NULL, 1, 'avi', 3, '0000-00-00 00:00:00', 1),
(1876, 'Walt Disney - Kuzco', NULL, NULL, NULL, 1, 'avi', 3, '0000-00-00 00:00:00', 1),
(1877, 'Walt Disney - La Bande a Picsou', NULL, NULL, NULL, 1, 'avi', 3, '0000-00-00 00:00:00', 1),
(1878, 'Walt Disney - La Belle au Bois Dormant', NULL, NULL, NULL, 1, 'avi', 3, '0000-00-00 00:00:00', 1),
(1879, 'Walt Disney - La Belle Et La Bête', NULL, NULL, NULL, 1, 'avi', 3, '0000-00-00 00:00:00', 1),
(1880, 'Walt Disney - La Belle et le Clochard', NULL, NULL, NULL, 1, 'avi', 3, '0000-00-00 00:00:00', 1),
(1881, 'Walt Disney - La Légende de L''Atlantide', NULL, NULL, NULL, 1, 'avi', 3, '0000-00-00 00:00:00', 1),
(1882, 'Walt Disney - La Petite Sirène', NULL, NULL, NULL, 1, 'avi', 3, '0000-00-00 00:00:00', 1),
(1883, 'Walt Disney - La Planète aux Trésors', NULL, NULL, NULL, 1, 'avi', 3, '0000-00-00 00:00:00', 1),
(1884, 'Walt Disney - Le Bossu de Notre Dame', NULL, NULL, NULL, 1, 'avi', 3, '0000-00-00 00:00:00', 1),
(1885, 'Walt Disney - Le Livre de la Jungle', NULL, NULL, NULL, 1, 'avi', 3, '0000-00-00 00:00:00', 1),
(1886, 'Walt Disney - Le Roi Lion', NULL, NULL, NULL, 1, 'avi', 3, '0000-00-00 00:00:00', 1),
(1887, 'Walt Disney - Les 101 Dalmatiens', NULL, NULL, NULL, 1, 'avi', 3, '0000-00-00 00:00:00', 1),
(1888, 'Walt Disney - Les Aristochats', NULL, NULL, NULL, 1, 'avi', 3, '0000-00-00 00:00:00', 1),
(1889, 'Walt Disney - Les Enfants De La Pluie', NULL, NULL, NULL, 1, 'avi', 3, '0000-00-00 00:00:00', 1),
(1890, 'Walt Disney - Lilo et Stitch', NULL, NULL, NULL, 1, 'avi', 3, '0000-00-00 00:00:00', 1),
(1891, 'Walt Disney - Merlin l''Enchanteur', NULL, NULL, NULL, 1, 'avi', 3, '0000-00-00 00:00:00', 1),
(1892, 'Walt Disney - Mulan 2', NULL, NULL, NULL, 1, 'avi', 3, '0000-00-00 00:00:00', 1),
(1893, 'Walt Disney - Mulan', NULL, NULL, NULL, 1, 'avi', 3, '0000-00-00 00:00:00', 1),
(1894, 'Walt Disney - Oliver et Compagnie', NULL, NULL, NULL, 1, 'avi', 3, '0000-00-00 00:00:00', 1),
(1895, 'Walt Disney - Peter Pan', NULL, NULL, NULL, 1, 'avi', 3, '0000-00-00 00:00:00', 1),
(1896, 'Walt Disney - Pinocchio', NULL, NULL, NULL, 1, 'avi', 3, '0000-00-00 00:00:00', 1),
(1897, 'Walt Disney - Pocahontas', NULL, NULL, NULL, 1, 'avi', 3, '0000-00-00 00:00:00', 1),
(1898, 'Walt Disney - Robin Des Bois', NULL, NULL, NULL, 1, 'avi', 3, '0000-00-00 00:00:00', 1),
(1899, 'Walt Disney - Taram Et Le Chaudron Magique', NULL, NULL, NULL, 1, 'avi', 3, '0000-00-00 00:00:00', 1),
(1900, 'Walt Disney - Tarzan', NULL, NULL, NULL, 1, 'avi', 3, '0000-00-00 00:00:00', 1),
(1901, 'Walt Disney (1933) - Les Trois Petits Cochons', NULL, NULL, NULL, 1, 'avi', 3, '0000-00-00 00:00:00', 1),
(1902, 'Walt Disney (1946) - Pierre Et Le Loup', NULL, NULL, NULL, 1, 'avi', 3, '0000-00-00 00:00:00', 1),
(1903, 'Wanted', NULL, NULL, NULL, 1, 'avi', 1, '0000-00-00 00:00:00', 1),
(1904, 'War Dogs', NULL, NULL, NULL, 0, 'avi', 1, '0000-00-00 00:00:00', 4),
(1905, 'War Machine', NULL, NULL, NULL, 0, 'avi', 1, '0000-00-00 00:00:00', 1),
(1906, 'War On Everyone', NULL, NULL, NULL, 0, 'avi', 1, '0000-00-00 00:00:00', 1),
(1907, 'War Zone', NULL, NULL, NULL, 0, 'avi', 1, '0000-00-00 00:00:00', 1),
(1908, 'Warcraft - Le Commencement', NULL, NULL, NULL, 1, 'avi', 1, '0000-00-00 00:00:00', 4),
(1909, 'Warm Bodies', NULL, NULL, NULL, 1, 'avi', 1, '0000-00-00 00:00:00', 2),
(1910, 'Warrior', NULL, NULL, NULL, 1, 'avi', 1, '0000-00-00 00:00:00', 3),
(1911, 'WASABI', NULL, NULL, NULL, 1, 'avi', 1, '0000-00-00 00:00:00', 1),
(1912, 'Watchmen', NULL, NULL, NULL, 1, 'avi', 1, '0000-00-00 00:00:00', 3),
(1913, 'Waterboy', NULL, NULL, NULL, 0, 'avi', 1, '0000-00-00 00:00:00', 4),
(1914, 'Waterworld', NULL, NULL, NULL, 1, 'avi', 1, '0000-00-00 00:00:00', 1),
(1915, 'Wayne''s World', NULL, NULL, NULL, 1, 'avi', 1, '0000-00-00 00:00:00', 1),
(1916, 'Welcome To The Jungle', NULL, NULL, NULL, 0, 'avi', 1, '0000-00-00 00:00:00', 4),
(1917, 'Welcome to The Punch', NULL, NULL, NULL, 0, 'avi', 1, '0000-00-00 00:00:00', 2),
(1918, 'White House Down', NULL, NULL, NULL, 1, 'avi', 1, '0000-00-00 00:00:00', 4),
(1919, 'Whiteout', '2009-10-21', 'http://fr.web.img3.acsta.net/medias/nmedia/18/64/66/11/19155427.jpg', 'null', 0, 'avi', 1, '0000-00-00 00:00:00', 1),
(1920, 'Wild Wild West', '1999-06-30', 'http://fr.web.img5.acsta.net/c_215_290/medias/nmedia/18/68/34/57/19021919.jpg', 'null', 1, 'avi', 1, '0000-00-00 00:00:00', 1),
(1921, 'Will Hunting', '1998-03-04', 'http://fr.web.img4.acsta.net/medias/00/05/30/000530_af.jpg', 'null', 1, 'avi', 1, '0000-00-00 00:00:00', 1),
(1922, 'Wind River', '2017-08-31', 'http://t2.gstatic.com/images?q=tbn:ANd9GcSlHKnpxON9fGvZJwCfkHmCg8p6l0-zVQ8aAbTxW7Uj5dlDsQ18', 'null', 0, 'avi', 1, '0000-00-00 00:00:00', 1),
(1923, 'WINDTAKERS - Les Messagers du Vent', '2002-06-14', 'http://fr.web.img6.acsta.net/c_215_290/medias/nmedia/00/02/33/93/af.jpg', 'null', 1, 'avi', 1, '0000-00-00 00:00:00', 1),
(1924, 'Wolfman', '2010-02-10', 'https://upload.wikimedia.org/wikipedia/en/thumb/1/14/Wolfman-final-small.jpg/220px-Wolfman-final-small.jpg', 'null', 0, 'avi', 1, '0000-00-00 00:00:00', 3),
(1925, 'Wolverine - Le Combat de l''Immortel', '2013-07-24', 'http://fr.web.img2.acsta.net/pictures/210/059/21005913_20130515100512343.jpg', 'null', 1, 'avi', 1, '0000-00-00 00:00:00', 2),
(1926, 'Wonder Woman', '2017-05-15', 'http://t1.gstatic.com/images?q=tbn:ANd9GcTpSMwWjj_HBwVC1bMkiqeZRXYYexEdBiWkQc1MTscPYfHc0RKK', 'null', 1, 'mkv', 1, '0000-00-00 00:00:00', 1),
(1927, 'Woochi le Magicien Des Temps Modernes', NULL, NULL, NULL, 0, 'avi', 1, '0000-00-00 00:00:00', 2),
(1928, 'World Invasion Battle Los Angeles', NULL, NULL, NULL, 1, 'avi', 1, '0000-00-00 00:00:00', 3),
(1929, 'World War Z', NULL, NULL, NULL, 1, 'avi', 1, '0000-00-00 00:00:00', 2),
(1930, 'Wushu Warrior', NULL, NULL, NULL, 0, 'avi', 1, '0000-00-00 00:00:00', 2),
(1931, 'Wyatt Earp''s Revenge', NULL, NULL, NULL, 0, 'avi', 1, '0000-00-00 00:00:00', 2),
(1932, 'X Men - Days of Future Past', NULL, NULL, NULL, 1, 'avi', 1, '0000-00-00 00:00:00', 4),
(1933, 'X Men 1', NULL, NULL, NULL, 1, 'avi', 1, '0000-00-00 00:00:00', 1),
(1934, 'X Men 2', NULL, NULL, NULL, 1, 'avi', 1, '0000-00-00 00:00:00', 1),
(1935, 'X Men 3', NULL, NULL, NULL, 1, 'avi', 1, '0000-00-00 00:00:00', 1),
(1936, 'X-Men Apocalypse', NULL, NULL, NULL, 1, 'avi', 1, '0000-00-00 00:00:00', 4),
(1937, 'X-Men Le commencement', NULL, NULL, NULL, 1, 'avi', 1, '0000-00-00 00:00:00', 3),
(1938, 'X-Men Origins - Wolverine', NULL, NULL, NULL, 1, 'avi', 1, '0000-00-00 00:00:00', 4),
(1939, 'xXx 2', NULL, NULL, NULL, 1, 'avi', 1, '0000-00-00 00:00:00', 1),
(1940, 'xXx 3 - Reactivated', NULL, NULL, NULL, 1, 'avi', 1, '0000-00-00 00:00:00', 1),
(1941, 'xXx', NULL, NULL, NULL, 1, 'avi', 1, '0000-00-00 00:00:00', 1),
(1942, 'Y a-t-il un flic pour sauver Hollywood', NULL, NULL, NULL, 0, 'avi', 1, '0000-00-00 00:00:00', 3),
(1943, 'Y a-t-il un flic pour sauver la Reine', NULL, NULL, NULL, 0, 'avi', 1, '0000-00-00 00:00:00', 3),
(1944, 'Y a-t-il un flic pour sauver le président', NULL, NULL, NULL, 0, 'avi', 1, '0000-00-00 00:00:00', 3),
(1945, 'Y''a t''il un pilote dans l''avion', NULL, NULL, NULL, 1, 'avi', 1, '0000-00-00 00:00:00', 3),
(1946, 'Yakuza Apocalypse', NULL, NULL, NULL, 0, 'mkv', 1, '0000-00-00 00:00:00', 4),
(1947, 'Yakuza L''ordre Du Dragon', NULL, NULL, NULL, 0, 'avi', 1, '0000-00-00 00:00:00', 2),
(1948, 'Yamakasi', NULL, NULL, NULL, 0, 'avi', 1, '0000-00-00 00:00:00', 2),
(1949, 'Yes Man', NULL, NULL, NULL, 1, 'avi', 1, '0000-00-00 00:00:00', 1),
(1950, 'Yogi l''Ours', NULL, NULL, NULL, 0, 'avi', 2, '0000-00-00 00:00:00', 2),
(1951, 'You Get Me', NULL, NULL, NULL, 0, 'avi', 1, '0000-00-00 00:00:00', 1),
(1952, 'Your Name', NULL, NULL, NULL, 0, 'mkv', 3, '0000-00-00 00:00:00', 4),
(1953, 'Yours Mine and Ours', NULL, NULL, NULL, 0, 'avi', 1, '0000-00-00 00:00:00', 3),
(1954, 'Zodiac', NULL, NULL, NULL, 0, 'avi', 1, '0000-00-00 00:00:00', 1),
(1955, 'Zombie Hunter', NULL, NULL, NULL, 0, 'avi', 1, '0000-00-00 00:00:00', 2),
(1956, 'Zombieland', NULL, NULL, NULL, 1, 'avi', 1, '0000-00-00 00:00:00', 3),
(1957, 'Zookeeper Le Héros des Animaux', NULL, NULL, NULL, 0, 'avi', 1, '0000-00-00 00:00:00', 4),
(1958, 'Zoolander 2', NULL, NULL, NULL, 0, 'avi', 1, '0000-00-00 00:00:00', 1),
(1959, 'Zoolander', NULL, NULL, NULL, 0, 'avi', 1, '0000-00-00 00:00:00', 4),
(1960, 'Zootopia', NULL, NULL, NULL, 1, 'avi', 2, '0000-00-00 00:00:00', 4),
(1974, 'Ant Man 2 - Ant Man et la Guêpe', NULL, NULL, NULL, 0, 'mkv', 1, '0000-00-00 00:00:00', 1),
(1975, 'Beyond The Edge', NULL, NULL, NULL, 0, 'mkv', 1, '0000-00-00 00:00:00', 1),
(1976, 'Croc Blanc', NULL, NULL, NULL, 0, 'mkv', 1, '0000-00-00 00:00:00', 1),
(1977, 'Higher Power', NULL, NULL, NULL, 0, 'mkv', 1, '0000-00-00 00:00:00', 1),
(1978, 'Hotel Transylvania 3 - Des Vacances Monstrueuses', '2018-07-25', 'http://t1.gstatic.com/images?q=tbn:ANd9GcSY3pSADjZdSXwOWLBbuucmwWTFxYYl_k8X0ReaMKQLNR74zMYY', 'null', 0, 'mkv', 2, '0000-00-00 00:00:00', 1),
(1979, 'Ils Sont Partout', NULL, NULL, NULL, 0, 'mkv', 1, '0000-00-00 00:00:00', 1),
(1980, 'Jurassic World 2 - The Fallen Kingdom', NULL, NULL, NULL, 0, 'mkv', 1, '0000-00-00 00:00:00', 1),
(1981, 'Skyscraper', NULL, NULL, NULL, 0, 'mkv', 1, '0000-00-00 00:00:00', 1),
(1982, 'The Ballad of Lefty Brown', NULL, NULL, NULL, 0, 'mkv', 1, '0000-00-00 00:00:00', 1),
(1983, 'The Battleship Island', NULL, NULL, NULL, 0, 'mkv', 1, '0000-00-00 00:00:00', 1),
(1984, 'The Death of Superman', NULL, NULL, NULL, 0, 'mkv', 1, '0000-00-00 00:00:00', 1),
(1985, 'The Debt Collector', NULL, NULL, NULL, 0, 'mkv', 1, '0000-00-00 00:00:00', 1),
(1986, 'Final Score', NULL, NULL, NULL, 0, 'mkv', 1, '0000-00-00 00:00:00', 1),
(1987, 'League of Gods', '0000-00-00', 'null', 'null', 0, 'avi', 1, '0000-00-00 00:00:00', 1),
(1990, 'Coco (Disney)', NULL, NULL, NULL, 1, 'avi', 2, NULL, 1);

-- --------------------------------------------------------

--
-- Structure de la table `film_genre`
--

CREATE TABLE `film_genre` (
  `id_film` int(10) UNSIGNED NOT NULL,
  `id_genre` int(10) UNSIGNED NOT NULL
) ENGINE=InnoDB DEFAULT CHARSET=utf8;

--
-- Contenu de la table `film_genre`
--

INSERT INTO `film_genre` (`id_film`, `id_genre`) VALUES
(1, 1),
(2, 2),
(3, 1),
(4, 4),
(5, 4),
(6, 4),
(7, 4),
(8, 4),
(9, 2),
(10, 1),
(11, 1),
(12, 4),
(13, 1),
(14, 5),
(15, 2),
(16, 1),
(17, 1),
(18, 6),
(19, 6),
(20, 4),
(21, 4),
(22, 4),
(23, 4),
(24, 1),
(25, 7),
(26, 4),
(27, 8),
(28, 1),
(29, 1),
(30, 1),
(31, 4),
(32, 1),
(33, 8),
(34, 4),
(35, 4),
(36, 4),
(37, 1),
(38, 4),
(39, 5),
(40, 1),
(41, 1),
(42, 5),
(43, 7),
(44, 9),
(45, 1),
(46, 1),
(47, 9),
(48, 2),
(49, 2),
(50, 9),
(51, 5),
(52, 4),
(53, 5),
(54, 1),
(55, 2),
(56, 4),
(57, 1),
(58, 2),
(59, 1),
(60, 1),
(61, 1),
(62, 1),
(63, 4),
(64, 2),
(65, 4),
(66, 4),
(67, 1),
(68, 4),
(69, 4),
(70, 1),
(71, 2),
(72, 1),
(73, 1),
(74, 9),
(75, 4),
(76, 1),
(77, 1),
(78, 2),
(79, 2),
(80, 4),
(81, 4),
(82, 4),
(83, 4),
(84, 6),
(85, 4),
(86, 4),
(87, 9),
(88, 1),
(89, 9),
(90, 9),
(91, 1),
(92, 5),
(93, 5),
(94, 1),
(95, 1),
(96, 1),
(97, 1),
(98, 1),
(99, 1),
(100, 1),
(101, 1),
(102, 1),
(103, 4),
(104, 1),
(105, 1),
(106, 1),
(107, 8),
(108, 1),
(109, 2),
(110, 4),
(111, 9),
(112, 4),
(113, 1),
(114, 1),
(115, 4),
(116, 4),
(117, 4),
(118, 4),
(119, 1),
(120, 4),
(121, 5),
(122, 1),
(123, 4),
(124, 5),
(125, 2),
(126, 2),
(127, 2),
(128, 2),
(129, 2),
(130, 4),
(131, 4),
(132, 4),
(133, 2),
(134, 1),
(135, 4),
(136, 4),
(137, 4),
(138, 5),
(139, 4),
(140, 9),
(141, 5),
(142, 4),
(143, 1),
(144, 1),
(145, 1),
(146, 4),
(147, 9),
(148, 4),
(150, 1),
(151, 4),
(152, 4),
(153, 4),
(154, 4),
(155, 4),
(156, 4),
(157, 4),
(158, 4),
(160, 4),
(161, 1),
(162, 1),
(163, 1),
(164, 4),
(165, 4),
(166, 9),
(168, 4),
(169, 1),
(170, 2),
(171, 1),
(172, 4),
(173, 4),
(174, 4),
(175, 9),
(176, 7),
(177, 9),
(178, 4),
(179, 4),
(180, 4),
(181, 4),
(182, 4),
(183, 4),
(184, 4),
(185, 4),
(186, 4),
(187, 4),
(188, 4),
(189, 1),
(190, 8),
(191, 5),
(192, 8),
(193, 1),
(194, 1),
(195, 4),
(196, 2),
(197, 2),
(198, 2),
(199, 1),
(200, 4),
(201, 1),
(202, 1),
(203, 1),
(204, 1),
(205, 4),
(206, 1),
(207, 1),
(208, 2),
(209, 5),
(210, 1),
(211, 1),
(212, 9),
(213, 4),
(214, 4),
(215, 4),
(216, 4),
(217, 2),
(218, 4),
(219, 4),
(220, 4),
(221, 4),
(222, 4),
(223, 4),
(224, 4),
(225, 4),
(226, 4),
(227, 4),
(228, 4),
(229, 4),
(230, 1),
(231, 1),
(232, 5),
(233, 4),
(234, 1),
(235, 9),
(236, 4),
(237, 4),
(238, 4),
(239, 1),
(240, 1),
(241, 4),
(242, 11),
(243, 4),
(244, 5),
(245, 1),
(246, 4),
(247, 4),
(248, 1),
(249, 4),
(250, 1),
(251, 2),
(252, 9),
(253, 5),
(254, 1),
(255, 4),
(256, 1),
(257, 4),
(258, 1),
(259, 1),
(260, 1),
(261, 5),
(262, 4),
(263, 4),
(264, 4),
(265, 2),
(266, 2),
(267, 4),
(268, 1),
(269, 4),
(270, 1),
(271, 5),
(272, 1),
(273, 1),
(274, 9),
(275, 1),
(276, 4),
(277, 1),
(278, 1),
(279, 4),
(280, 4),
(281, 2),
(282, 1),
(283, 1),
(284, 4),
(285, 4),
(286, 4),
(287, 4),
(288, 1),
(290, 1),
(291, 1),
(292, 1),
(293, 4),
(294, 4),
(295, 4),
(296, 1),
(297, 4),
(298, 4),
(299, 4),
(300, 4),
(301, 5),
(302, 4),
(303, 1),
(304, 4),
(305, 1),
(306, 2),
(307, 9),
(308, 4),
(309, 4),
(310, 9),
(311, 9),
(312, 1),
(313, 4),
(314, 4),
(315, 4),
(316, 1),
(317, 1),
(318, 1),
(319, 1),
(320, 9),
(321, 4),
(322, 4),
(323, 4),
(324, 1),
(325, 4),
(326, 4),
(327, 4),
(328, 9),
(329, 1),
(330, 1),
(331, 1),
(333, 1),
(334, 4),
(335, 4),
(336, 1),
(337, 1),
(338, 4),
(339, 1),
(340, 4),
(341, 8),
(342, 9),
(343, 4),
(344, 4),
(345, 4),
(346, 4),
(347, 4),
(348, 1),
(349, 1),
(350, 2),
(351, 1),
(352, 20),
(353, 4),
(354, 9),
(355, 9),
(356, 4),
(357, 5),
(358, 12),
(359, 12),
(360, 4),
(361, 4),
(362, 1),
(363, 4),
(364, 2),
(365, 1),
(366, 2),
(367, 4),
(368, 4),
(369, 1),
(370, 1),
(371, 5),
(372, 4),
(373, 5),
(374, 4),
(375, 9),
(376, 4),
(377, 9),
(378, 4),
(379, 4),
(380, 4),
(381, 4),
(382, 4),
(383, 4),
(384, 1),
(385, 1),
(386, 4),
(387, 4),
(388, 4),
(389, 4),
(390, 1),
(391, 9),
(392, 5),
(393, 4),
(394, 9),
(395, 9),
(396, 9),
(397, 5),
(398, 9),
(399, 1),
(400, 1),
(401, 4),
(402, 4),
(403, 4),
(404, 4),
(405, 4),
(406, 1),
(407, 4),
(408, 8),
(409, 1),
(410, 5),
(411, 2),
(412, 2),
(413, 4),
(414, 4),
(415, 1),
(416, 4),
(417, 9),
(418, 1),
(419, 4),
(420, 4),
(421, 9),
(422, 4),
(423, 1),
(424, 4),
(425, 2),
(426, 2),
(427, 2),
(428, 4),
(429, 4),
(430, 2),
(431, 4),
(432, 9),
(433, 4),
(434, 4),
(435, 4),
(436, 4),
(437, 1),
(438, 1),
(439, 1),
(440, 9),
(441, 1),
(442, 4),
(443, 2),
(444, 1),
(445, 1),
(446, 4),
(447, 8),
(448, 4),
(449, 4),
(450, 1),
(451, 4),
(452, 4),
(453, 1),
(454, 1),
(455, 1),
(456, 4),
(457, 4),
(458, 1),
(459, 9),
(460, 1),
(461, 4),
(462, 4),
(463, 1),
(464, 2),
(465, 9),
(466, 5),
(467, 1),
(468, 1),
(469, 4),
(470, 2),
(471, 5),
(472, 2),
(473, 6),
(474, 4),
(475, 4),
(476, 4),
(477, 1),
(478, 4),
(479, 4),
(480, 4),
(481, 2),
(482, 4),
(483, 9),
(484, 4),
(485, 4),
(486, 4),
(487, 4),
(488, 4),
(489, 4),
(490, 4),
(491, 1),
(492, 4),
(493, 2),
(494, 1),
(495, 4),
(498, 5),
(499, 4),
(500, 5),
(501, 4),
(502, 9),
(503, 2),
(504, 9),
(505, 4),
(506, 1),
(507, 8),
(508, 4),
(509, 4),
(510, 4),
(511, 9),
(512, 5),
(513, 4),
(514, 5),
(515, 2),
(516, 1),
(517, 1),
(518, 1),
(519, 1),
(520, 9),
(521, 4),
(522, 1),
(523, 4),
(524, 4),
(525, 4),
(526, 4),
(527, 4),
(528, 12),
(529, 12),
(530, 12),
(531, 4),
(532, 2),
(533, 4),
(534, 4),
(535, 1),
(536, 4),
(537, 4),
(538, 1),
(539, 1),
(540, 2),
(541, 4),
(542, 2),
(543, 4),
(544, 4),
(545, 6),
(546, 5),
(547, 4),
(548, 4),
(549, 1),
(550, 4),
(551, 4),
(552, 4),
(553, 4),
(554, 4),
(555, 4),
(556, 5),
(557, 2),
(558, 4),
(559, 6),
(560, 6),
(561, 1),
(562, 1),
(563, 4),
(564, 4),
(565, 6),
(566, 4),
(567, 1),
(568, 5),
(570, 4),
(571, 7),
(572, 4),
(573, 4),
(574, 1),
(575, 1),
(576, 1),
(577, 2),
(578, 2),
(579, 2),
(580, 2),
(581, 2),
(582, 2),
(583, 2),
(584, 2),
(585, 4),
(586, 1),
(587, 4),
(588, 7),
(589, 4),
(590, 4),
(591, 4),
(592, 4),
(593, 4),
(594, 4),
(595, 1),
(596, 4),
(597, 1),
(598, 9),
(599, 4),
(600, 4),
(601, 4),
(602, 4),
(603, 2),
(604, 4),
(605, 4),
(606, 1),
(607, 4),
(608, 9),
(609, 1),
(611, 4),
(612, 1),
(613, 1),
(614, 1),
(615, 1),
(616, 1),
(617, 5),
(618, 4),
(619, 1),
(620, 4),
(621, 4),
(622, 4),
(623, 4),
(624, 4),
(625, 4),
(626, 1),
(627, 1),
(628, 4),
(629, 6),
(630, 9),
(631, 4),
(632, 9),
(634, 1),
(635, 1),
(636, 1),
(637, 4),
(638, 1),
(639, 4),
(640, 4),
(641, 9),
(642, 1),
(643, 1),
(644, 4),
(645, 4),
(646, 4),
(647, 4),
(648, 4),
(649, 4),
(650, 9),
(651, 9),
(652, 4),
(653, 9),
(654, 9),
(655, 7),
(656, 1),
(657, 2),
(658, 1),
(659, 1),
(660, 5),
(661, 5),
(662, 4),
(663, 4),
(664, 4),
(665, 4),
(666, 4),
(667, 4),
(668, 4),
(669, 4),
(670, 1),
(671, 1),
(673, 9),
(674, 4),
(675, 4),
(676, 4),
(677, 12),
(678, 12),
(679, 12),
(680, 1),
(681, 2),
(682, 9),
(683, 1),
(684, 1),
(685, 4),
(686, 2),
(687, 5),
(688, 4),
(689, 4),
(690, 6),
(691, 5),
(692, 5),
(693, 1),
(694, 1),
(695, 1),
(696, 4),
(697, 1),
(698, 4),
(699, 4),
(700, 1),
(701, 1),
(702, 4),
(703, 5),
(704, 1),
(705, 1),
(706, 4),
(707, 4),
(708, 2),
(709, 4),
(710, 4),
(711, 2),
(712, 2),
(713, 2),
(714, 2),
(715, 1),
(716, 8),
(718, 9),
(720, 4),
(721, 4),
(722, 4),
(723, 4),
(725, 4),
(726, 4),
(727, 1),
(728, 4),
(729, 4),
(730, 4),
(731, 1),
(732, 4),
(733, 4),
(734, 4),
(735, 4),
(736, 4),
(737, 4),
(738, 2),
(739, 2),
(740, 2),
(741, 4),
(742, 4),
(743, 9),
(744, 4),
(745, 4),
(746, 2),
(747, 4),
(748, 4),
(749, 4),
(750, 4),
(751, 4),
(752, 4),
(753, 4),
(754, 2),
(755, 1),
(756, 4),
(757, 4),
(758, 4),
(760, 4),
(761, 2),
(762, 4),
(763, 4),
(764, 4),
(765, 1),
(766, 2),
(767, 4),
(768, 8),
(769, 4),
(770, 9),
(771, 1),
(772, 4),
(773, 1),
(774, 4),
(775, 1),
(776, 1),
(777, 1),
(778, 8),
(779, 2),
(780, 9),
(781, 1),
(782, 1),
(783, 1),
(784, 1),
(785, 2),
(786, 4),
(787, 4),
(788, 1),
(789, 1),
(790, 1),
(791, 1),
(792, 4),
(793, 2),
(794, 1),
(796, 4),
(797, 5),
(798, 5),
(799, 1),
(800, 4),
(801, 4),
(802, 4),
(803, 4),
(804, 4),
(805, 4),
(806, 2),
(807, 9),
(808, 1),
(809, 1),
(810, 8),
(811, 4),
(812, 4),
(813, 4),
(814, 4),
(815, 8),
(816, 9),
(817, 1),
(818, 4),
(819, 9),
(820, 2),
(821, 2),
(822, 1),
(823, 1),
(824, 1),
(825, 2),
(827, 1),
(828, 1),
(829, 2),
(830, 4),
(831, 2),
(832, 2),
(833, 1),
(834, 1),
(835, 1),
(836, 1),
(837, 1),
(838, 1),
(839, 9),
(840, 2),
(841, 2),
(842, 2),
(843, 2),
(844, 2),
(845, 4),
(846, 5),
(847, 2),
(848, 1),
(849, 1),
(850, 1),
(851, 4),
(852, 4),
(853, 4),
(854, 4),
(855, 4),
(856, 4),
(857, 6),
(858, 1),
(859, 1),
(860, 9),
(861, 9),
(862, 4),
(863, 1),
(864, 4),
(865, 4),
(866, 1),
(867, 7),
(868, 4),
(869, 4),
(871, 4),
(872, 4),
(873, 4),
(874, 4),
(875, 4),
(876, 5),
(877, 1),
(878, 5),
(879, 1),
(880, 2),
(881, 4),
(882, 4),
(883, 4),
(884, 2),
(885, 2),
(886, 4),
(887, 4),
(888, 1),
(889, 9),
(890, 4),
(891, 7),
(892, 1),
(894, 4),
(895, 9),
(896, 1),
(897, 1),
(898, 1),
(899, 1),
(900, 4),
(901, 4),
(902, 4),
(903, 1),
(904, 4),
(905, 4),
(906, 4),
(907, 4),
(908, 6),
(909, 1),
(910, 1),
(911, 1),
(912, 5),
(913, 1),
(914, 5),
(915, 1),
(916, 1),
(917, 1),
(918, 1),
(919, 4),
(920, 9),
(921, 2),
(922, 1),
(923, 1),
(924, 1),
(925, 5),
(926, 1),
(927, 1),
(928, 1),
(929, 4),
(930, 4),
(931, 4),
(932, 4),
(933, 13),
(934, 4),
(935, 2),
(936, 4),
(937, 2),
(938, 5),
(939, 1),
(940, 1),
(941, 4),
(942, 5),
(943, 1),
(944, 4),
(945, 2),
(946, 7),
(947, 4),
(948, 1),
(949, 2),
(950, 4),
(951, 4),
(952, 4),
(953, 2),
(954, 4),
(955, 1),
(956, 4),
(957, 1),
(958, 9),
(959, 1),
(960, 9),
(961, 9),
(962, 1),
(963, 2),
(964, 9),
(965, 9),
(966, 1),
(967, 2),
(968, 1),
(969, 5),
(970, 1),
(972, 1),
(973, 1),
(974, 5),
(975, 4),
(976, 9),
(977, 9),
(978, 2),
(979, 7),
(980, 1),
(981, 1),
(982, 4),
(983, 1),
(984, 4),
(985, 4),
(986, 4),
(987, 4),
(988, 2),
(989, 2),
(990, 4),
(991, 4),
(993, 4),
(994, 4),
(995, 2),
(996, 4),
(997, 4),
(998, 4),
(999, 4),
(1000, 4),
(1001, 9),
(1002, 1),
(1003, 1),
(1004, 1),
(1005, 4),
(1006, 1),
(1007, 4),
(1008, 4),
(1009, 4),
(1010, 4),
(1011, 5),
(1012, 1),
(1013, 9),
(1015, 2),
(1016, 4),
(1017, 4),
(1018, 4),
(1019, 1),
(1020, 4),
(1021, 4),
(1022, 7),
(1023, 1),
(1024, 1),
(1025, 9),
(1026, 5),
(1027, 4),
(1028, 2),
(1029, 4),
(1030, 4),
(1031, 4),
(1032, 4),
(1033, 4),
(1034, 9),
(1035, 4),
(1036, 4),
(1037, 1),
(1038, 2),
(1039, 9),
(1040, 2),
(1041, 2),
(1042, 2),
(1043, 6),
(1044, 1),
(1045, 2),
(1046, 2),
(1047, 7),
(1048, 1),
(1049, 1),
(1050, 4),
(1051, 7),
(1052, 1),
(1053, 2),
(1054, 2),
(1055, 2),
(1056, 5),
(1057, 4),
(1058, 1),
(1059, 2),
(1060, 5),
(1061, 1),
(1062, 1),
(1063, 1),
(1064, 2),
(1065, 4),
(1066, 4),
(1067, 2),
(1068, 5),
(1069, 5),
(1070, 1),
(1071, 1),
(1072, 1),
(1073, 4),
(1074, 4),
(1075, 2),
(1076, 12),
(1077, 4),
(1078, 12),
(1079, 12),
(1080, 12),
(1081, 12),
(1082, 4),
(1083, 1),
(1084, 7),
(1085, 4),
(1086, 5),
(1087, 1),
(1088, 2),
(1089, 4),
(1090, 1),
(1092, 5),
(1093, 4),
(1094, 1),
(1095, 5),
(1096, 1),
(1097, 1),
(1098, 9),
(1099, 1),
(1100, 2),
(1101, 2),
(1102, 9),
(1103, 9),
(1104, 2),
(1105, 2),
(1106, 2),
(1107, 2),
(1108, 4),
(1109, 1),
(1110, 9),
(1111, 4),
(1112, 1),
(1113, 1),
(1114, 1),
(1115, 4),
(1116, 1),
(1117, 4),
(1118, 2),
(1119, 1),
(1120, 1),
(1121, 1),
(1122, 1),
(1123, 4),
(1124, 2),
(1125, 7),
(1126, 4),
(1127, 8),
(1128, 4),
(1129, 4),
(1130, 4),
(1131, 4),
(1132, 9),
(1133, 2),
(1134, 2),
(1135, 9),
(1136, 2),
(1137, 9),
(1138, 7),
(1139, 1),
(1140, 4),
(1141, 4),
(1142, 4),
(1143, 9),
(1144, 4),
(1145, 9),
(1146, 4),
(1147, 1),
(1148, 9),
(1149, 4),
(1150, 4),
(1151, 4),
(1152, 1),
(1153, 2),
(1154, 5),
(1155, 4),
(1156, 1),
(1157, 1),
(1158, 1),
(1159, 2),
(1160, 4),
(1161, 9),
(1162, 1),
(1163, 4),
(1164, 4),
(1165, 4),
(1166, 4),
(1167, 4),
(1168, 4),
(1169, 4),
(1170, 2),
(1171, 2),
(1172, 2),
(1173, 1),
(1174, 6),
(1175, 5),
(1176, 1),
(1177, 1),
(1178, 1),
(1179, 2),
(1180, 1),
(1181, 1),
(1182, 4),
(1183, 4),
(1184, 4),
(1185, 5),
(1186, 1),
(1187, 1),
(1188, 1),
(1189, 1),
(1190, 4),
(1191, 4),
(1192, 4),
(1193, 4),
(1194, 4),
(1195, 4),
(1196, 1),
(1197, 7),
(1198, 4),
(1199, 1),
(1200, 2),
(1201, 2),
(1202, 2),
(1203, 1),
(1204, 9),
(1205, 4),
(1206, 4),
(1207, 4),
(1208, 1),
(1209, 1),
(1210, 4),
(1211, 1),
(1212, 1),
(1213, 1),
(1214, 4),
(1215, 9),
(1216, 4),
(1217, 1),
(1218, 1),
(1219, 2),
(1220, 1),
(1221, 4),
(1222, 2),
(1223, 1),
(1224, 4),
(1225, 4),
(1226, 1),
(1227, 2),
(1228, 9),
(1229, 4),
(1230, 4),
(1231, 4),
(1232, 4),
(1233, 4),
(1234, 1),
(1235, 1),
(1236, 1),
(1237, 2),
(1238, 1),
(1239, 1),
(1240, 2),
(1241, 1),
(1242, 1),
(1243, 1),
(1244, 1),
(1245, 1),
(1246, 4),
(1247, 4),
(1248, 2),
(1249, 4),
(1250, 2),
(1251, 1),
(1252, 2),
(1253, 2),
(1254, 4),
(1255, 4),
(1256, 1),
(1257, 8),
(1258, 4),
(1259, 4),
(1261, 1),
(1262, 2),
(1263, 1),
(1264, 8),
(1265, 1),
(1266, 9),
(1267, 1),
(1269, 9),
(1270, 1),
(1271, 4),
(1272, 4),
(1273, 4),
(1274, 4),
(1275, 1),
(1276, 1),
(1277, 4),
(1278, 1),
(1279, 5),
(1280, 4),
(1281, 4),
(1282, 2),
(1283, 4),
(1284, 4),
(1285, 4),
(1286, 4),
(1287, 9),
(1288, 9),
(1290, 5),
(1291, 1),
(1292, 1),
(1293, 1),
(1294, 2),
(1295, 4),
(1296, 5),
(1297, 5),
(1298, 4),
(1299, 8),
(1300, 4),
(1301, 2),
(1302, 5),
(1303, 4),
(1304, 1),
(1305, 4),
(1306, 4),
(1307, 4),
(1308, 4),
(1309, 4),
(1310, 2),
(1311, 9),
(1312, 1),
(1313, 1),
(1314, 4),
(1315, 4),
(1316, 4),
(1317, 4),
(1318, 4),
(1319, 4),
(1320, 4),
(1321, 2),
(1322, 1),
(1323, 9),
(1324, 4),
(1325, 4),
(1326, 2),
(1327, 1),
(1328, 1),
(1329, 4),
(1330, 1),
(1331, 1),
(1332, 4),
(1333, 1),
(1334, 1),
(1335, 1),
(1336, 4),
(1337, 4),
(1338, 7),
(1339, 2),
(1341, 1),
(1342, 4),
(1343, 1),
(1344, 4),
(1345, 4),
(1346, 4),
(1347, 4),
(1348, 2),
(1349, 2),
(1350, 4),
(1351, 2),
(1352, 2),
(1353, 1),
(1354, 4),
(1355, 9),
(1356, 9),
(1357, 9),
(1358, 5),
(1359, 9),
(1360, 4),
(1361, 4),
(1362, 4),
(1363, 4),
(1364, 4),
(1365, 4),
(1366, 4),
(1367, 1),
(1368, 2),
(1369, 2),
(1370, 2),
(1371, 4),
(1372, 4),
(1373, 9),
(1374, 1),
(1375, 4),
(1376, 2),
(1377, 2),
(1378, 2),
(1379, 4),
(1380, 2),
(1381, 2),
(1382, 1),
(1383, 4),
(1384, 9),
(1385, 4),
(1386, 4),
(1387, 4),
(1388, 9),
(1389, 9),
(1390, 2),
(1391, 9),
(1392, 9),
(1393, 9),
(1394, 8),
(1395, 4),
(1396, 4),
(1397, 4),
(1398, 4),
(1399, 1),
(1400, 2),
(1401, 5),
(1402, 9),
(1403, 8),
(1404, 1),
(1405, 5),
(1406, 4),
(1407, 4),
(1408, 9),
(1409, 1),
(1410, 1),
(1411, 4),
(1412, 4),
(1413, 5),
(1414, 1),
(1415, 9),
(1416, 1),
(1417, 1),
(1418, 1),
(1419, 1),
(1420, 4),
(1421, 1),
(1422, 1),
(1423, 1),
(1424, 4),
(1425, 5),
(1426, 2),
(1427, 9),
(1428, 4),
(1429, 4),
(1430, 4),
(1431, 4),
(1432, 4),
(1433, 2),
(1434, 1),
(1435, 2),
(1436, 4),
(1437, 9),
(1438, 2),
(1439, 4),
(1440, 4),
(1441, 9),
(1442, 4),
(1443, 4),
(1444, 2),
(1445, 4),
(1446, 4),
(1447, 9),
(1448, 2),
(1449, 4),
(1450, 5),
(1451, 4),
(1453, 4),
(1454, 4),
(1456, 4),
(1457, 4),
(1458, 4),
(1459, 4),
(1460, 1),
(1461, 1),
(1462, 1),
(1463, 4),
(1464, 4),
(1465, 1),
(1466, 4),
(1468, 4),
(1470, 4),
(1471, 4),
(1472, 1),
(1473, 4),
(1474, 4),
(1476, 4),
(1478, 1),
(1479, 4),
(1480, 4),
(1481, 4),
(1482, 4),
(1483, 4),
(1484, 4),
(1485, 4),
(1486, 4),
(1487, 4),
(1488, 8),
(1490, 4),
(1491, 1),
(1492, 1),
(1493, 9),
(1494, 4),
(1495, 4),
(1496, 4),
(1497, 1),
(1498, 4),
(1499, 1),
(1500, 4),
(1501, 1),
(1502, 1),
(1503, 4),
(1504, 4),
(1506, 4),
(1507, 4),
(1508, 4),
(1509, 2),
(1510, 9),
(1511, 9),
(1512, 1),
(1514, 4),
(1515, 5),
(1516, 4),
(1517, 1),
(1518, 1),
(1519, 1),
(1520, 1),
(1521, 1),
(1522, 5),
(1523, 1),
(1524, 9),
(1525, 9),
(1526, 4),
(1527, 4),
(1528, 1),
(1529, 9),
(1530, 2),
(1531, 2),
(1532, 1),
(1533, 2),
(1534, 7),
(1535, 1),
(1536, 1),
(1537, 8),
(1538, 4),
(1539, 4),
(1540, 4),
(1541, 1),
(1542, 4),
(1543, 2),
(1545, 4),
(1546, 9),
(1547, 4),
(1548, 4),
(1549, 4),
(1550, 4),
(1551, 4),
(1557, 9),
(1558, 5),
(1560, 4),
(1561, 4),
(1562, 4),
(1563, 5),
(1564, 4),
(1565, 9),
(1566, 9),
(1567, 1),
(1568, 4),
(1569, 4),
(1570, 4),
(1571, 9),
(1572, 4),
(1573, 4),
(1574, 1),
(1575, 4),
(1577, 1),
(1578, 4),
(1579, 2),
(1580, 1),
(1581, 1),
(1582, 4),
(1583, 4),
(1584, 4),
(1586, 4),
(1587, 9),
(1588, 4),
(1589, 4),
(1590, 4),
(1591, 4),
(1593, 8),
(1594, 9),
(1595, 5),
(1596, 9),
(1597, 4),
(1598, 4),
(1599, 4),
(1600, 4),
(1602, 4),
(1603, 4),
(1604, 4),
(1605, 4),
(1606, 4),
(1607, 4),
(1608, 4),
(1609, 4),
(1610, 4),
(1611, 4),
(1612, 4),
(1613, 4),
(1614, 4),
(1615, 4),
(1616, 1),
(1617, 12),
(1618, 9),
(1620, 4),
(1621, 2),
(1622, 7),
(1623, 4),
(1624, 4),
(1625, 2),
(1626, 2),
(1627, 1),
(1628, 1),
(1629, 1),
(1630, 4),
(1631, 4),
(1632, 1),
(1633, 2),
(1634, 9),
(1635, 5),
(1636, 8),
(1637, 4),
(1638, 4),
(1639, 1),
(1640, 4),
(1641, 4),
(1642, 4),
(1643, 4),
(1644, 4),
(1645, 1),
(1646, 4),
(1647, 4),
(1649, 1),
(1650, 1),
(1651, 1),
(1652, 5),
(1654, 4),
(1655, 4),
(1657, 1),
(1658, 1),
(1659, 1),
(1660, 4),
(1661, 4),
(1662, 4),
(1663, 4),
(1664, 4),
(1665, 4),
(1666, 4),
(1667, 4),
(1668, 5),
(1669, 4),
(1670, 5),
(1671, 4),
(1672, 4),
(1673, 9),
(1674, 4),
(1675, 1),
(1677, 1),
(1678, 1),
(1679, 1),
(1680, 9),
(1681, 9),
(1682, 9),
(1683, 4),
(1684, 1),
(1685, 4),
(1686, 4),
(1687, 4),
(1688, 4),
(1689, 4),
(1690, 9),
(1691, 8),
(1692, 2),
(1693, 1),
(1694, 1),
(1695, 9),
(1696, 1),
(1697, 1),
(1698, 4),
(1699, 4),
(1702, 1),
(1703, 8),
(1704, 4),
(1705, 4),
(1706, 2),
(1707, 4),
(1708, 4),
(1709, 2),
(1711, 4),
(1712, 2),
(1714, 5),
(1715, 1),
(1716, 2),
(1717, 4),
(1718, 1),
(1719, 1),
(1720, 4),
(1721, 4),
(1722, 4),
(1723, 4),
(1724, 4),
(1726, 4),
(1727, 4),
(1728, 4),
(1729, 4),
(1730, 4),
(1731, 4),
(1732, 6),
(1733, 4),
(1734, 4),
(1735, 5),
(1736, 4),
(1737, 5),
(1738, 4),
(1739, 5),
(1740, 4),
(1741, 4),
(1742, 4),
(1743, 4),
(1744, 5),
(1745, 4),
(1746, 7),
(1747, 5),
(1748, 7),
(1749, 4),
(1750, 4),
(1751, 4),
(1752, 9),
(1753, 4),
(1754, 1),
(1755, 4),
(1756, 1),
(1757, 4),
(1758, 4),
(1759, 4),
(1760, 4),
(1762, 1),
(1766, 9),
(1767, 5),
(1768, 9),
(1769, 4),
(1770, 4),
(1771, 4),
(1772, 4),
(1773, 4),
(1774, 1),
(1775, 1),
(1776, 4),
(1777, 4),
(1779, 2),
(1780, 4),
(1781, 4),
(1782, 4),
(1783, 5),
(1784, 1),
(1785, 1),
(1786, 4),
(1788, 8),
(1789, 8),
(1790, 8),
(1791, 8),
(1792, 8),
(1793, 2),
(1794, 4),
(1795, 4),
(1796, 4),
(1797, 4),
(1798, 1),
(1799, 1),
(1800, 5),
(1801, 1),
(1802, 1),
(1804, 1),
(1805, 8),
(1806, 4),
(1807, 1),
(1808, 1),
(1809, 4),
(1810, 4),
(1811, 4),
(1812, 4),
(1813, 2),
(1814, 9),
(1815, 4),
(1816, 4),
(1817, 4),
(1818, 4),
(1819, 4),
(1820, 9),
(1821, 1),
(1822, 1),
(1823, 1),
(1824, 1),
(1825, 11),
(1826, 5),
(1827, 4),
(1828, 4),
(1829, 4),
(1830, 4),
(1831, 4),
(1832, 8),
(1833, 4),
(1834, 5),
(1835, 9),
(1836, 4),
(1838, 4),
(1839, 4),
(1840, 9),
(1841, 2),
(1842, 1),
(1843, 1),
(1844, 1),
(1845, 1),
(1847, 1),
(1848, 1),
(1849, 1),
(1850, 4),
(1851, 1),
(1853, 9),
(1854, 8),
(1855, 2),
(1856, 2),
(1857, 9),
(1858, 1),
(1859, 5),
(1860, 5),
(1903, 4),
(1904, 1),
(1905, 5),
(1906, 1),
(1907, 4),
(1908, 4),
(1909, 2),
(1910, 4),
(1911, 4),
(1912, 4),
(1913, 1),
(1914, 4),
(1915, 1),
(1916, 1),
(1917, 9),
(1918, 4),
(1919, 7),
(1920, 4),
(1921, 5),
(1922, 5),
(1923, 4),
(1924, 2),
(1925, 4),
(1926, 4),
(1927, 4),
(1928, 4),
(1929, 2),
(1930, 4),
(1931, 5),
(1932, 4),
(1933, 4),
(1934, 4),
(1935, 4),
(1936, 4),
(1937, 4),
(1938, 4),
(1939, 4),
(1940, 4),
(1941, 4),
(1942, 1),
(1943, 1),
(1944, 1),
(1945, 1),
(1946, 4),
(1947, 4),
(1948, 1),
(1949, 1),
(1951, 9),
(1953, 1),
(1954, 7),
(1955, 4),
(1956, 1),
(1957, 1),
(1958, 1),
(1959, 1),
(1974, 1),
(1978, 1),
(1980, 2);

-- --------------------------------------------------------

--
-- Structure de la table `film_personne`
--

CREATE TABLE `film_personne` (
  `id_film` int(10) UNSIGNED NOT NULL,
  `id_personne` int(10) UNSIGNED NOT NULL,
  `id_role` int(10) UNSIGNED NOT NULL
) ENGINE=InnoDB DEFAULT CHARSET=utf8;

--
-- Contenu de la table `film_personne`
--

INSERT INTO `film_personne` (`id_film`, `id_personne`, `id_role`) VALUES
(8, 170, 1),
(22, 94, 1),
(23, 94, 1),
(31, 12, 1),
(59, 1, 1),
(60, 1, 1),
(78, 18, 1),
(79, 18, 1),
(181, 36, 1),
(182, 1, 1),
(233, 170, 1),
(254, 1, 1),
(262, 7, 1),
(263, 85, 1),
(263, 141, 1),
(281, 18, 1),
(314, 36, 1),
(321, 36, 1),
(323, 36, 1),
(326, 12, 1),
(356, 95, 1),
(362, 18, 1),
(406, 29, 1),
(410, 1, 1),
(428, 170, 1),
(437, 1, 1),
(439, 1, 1),
(447, 18, 1),
(469, 36, 1),
(505, 95, 1),
(508, 170, 1),
(516, 1, 1),
(594, 95, 1),
(594, 170, 1),
(627, 1, 1),
(663, 170, 1),
(664, 170, 1),
(665, 170, 1),
(666, 7, 1),
(667, 7, 1),
(668, 7, 1),
(698, 12, 1),
(698, 139, 1),
(699, 12, 1),
(720, 1, 1),
(747, 170, 1),
(771, 36, 1),
(775, 29, 1),
(779, 36, 1),
(804, 95, 1),
(807, 18, 1),
(861, 12, 1),
(862, 36, 1),
(869, 95, 1),
(894, 36, 1),
(904, 36, 1),
(913, 1, 1),
(917, 66, 1),
(918, 66, 1),
(928, 1, 1),
(941, 95, 1),
(961, 1, 1),
(993, 95, 1),
(997, 120, 1),
(998, 120, 1),
(999, 120, 1),
(1016, 36, 1),
(1017, 170, 1),
(1038, 18, 1),
(1064, 1, 1),
(1108, 95, 1),
(1149, 18, 1),
(1182, 12, 1),
(1192, 12, 1),
(1192, 139, 1),
(1192, 141, 1),
(1193, 12, 1),
(1193, 139, 1),
(1193, 141, 1),
(1194, 12, 1),
(1194, 139, 1),
(1194, 141, 1),
(1209, 1, 1),
(1236, 22, 1),
(1261, 1, 1),
(1361, 18, 1),
(1362, 18, 1),
(1363, 18, 1),
(1364, 18, 1),
(1372, 18, 1),
(1376, 12, 1),
(1386, 36, 1),
(1405, 18, 1),
(1485, 95, 1),
(1486, 170, 1),
(1547, 7, 1),
(1548, 7, 1),
(1565, 18, 1),
(1586, 12, 1),
(1635, 18, 1),
(1660, 36, 1),
(1661, 36, 1),
(1662, 36, 1),
(1663, 36, 1),
(1664, 36, 1),
(1671, 7, 1),
(1672, 7, 1),
(1687, 36, 1),
(1687, 95, 1),
(1688, 36, 1),
(1688, 95, 1),
(1689, 36, 1),
(1689, 95, 1),
(1711, 170, 1),
(1715, 1, 1),
(1722, 95, 1),
(1744, 1, 1),
(1754, 7, 1),
(1756, 29, 1),
(1759, 36, 1),
(1768, 18, 1),
(1777, 120, 1),
(1782, 36, 1),
(1807, 66, 1),
(1836, 141, 1),
(1940, 170, 1),
(1949, 1, 1),
(1974, 139, 1),
(1987, 95, 1);

-- --------------------------------------------------------

--
-- Structure de la table `genres`
--

CREATE TABLE `genres` (
  `id_genre` int(10) UNSIGNED NOT NULL,
  `genre` varchar(20) NOT NULL
) ENGINE=InnoDB DEFAULT CHARSET=utf8;

--
-- Contenu de la table `genres`
--

INSERT INTO `genres` (`id_genre`, `genre`) VALUES
(1, 'Comédie'),
(2, 'Aventure'),
(4, 'Action'),
(5, 'Drame'),
(6, 'Frisson'),
(7, 'Policier'),
(8, 'Romance'),
(9, 'Thriller'),
(11, 'Documentaire'),
(12, 'Spectacle'),
(13, 'Histoire'),
(16, 'Manga'),
(17, 'Guerre'),
(20, 'Comédie Musicale'),
(50, 'Horreur');

-- --------------------------------------------------------

--
-- Structure de la table `nationalites`
--

CREATE TABLE `nationalites` (
  `id_nationalite` int(10) UNSIGNED NOT NULL,
  `code` varchar(4) NOT NULL,
  `nationalite` varchar(20) NOT NULL
) ENGINE=InnoDB DEFAULT CHARSET=utf8;

--
-- Contenu de la table `nationalites`
--

INSERT INTO `nationalites` (`id_nationalite`, `code`, `nationalite`) VALUES
(1, 'fr', 'française'),
(2, 'it', 'italienne'),
(3, 'gb', 'anglaise'),
(4, 'esp', 'espagnole'),
(5, 'ger', 'allemande'),
(6, 'usa', 'américaine'),
(7, 'can', 'canadienne'),
(8, 'be', 'belge'),
(9, 'mar', 'marocaine'),
(10, 'alg', 'algériene'),
(11, 'ru', 'russe'),
(12, 'bre', 'brésilienne'),
(13, 'chi', 'chinoise'),
(14, 'aus', 'australienne'),
(15, 'sene', 'sénégalaise'),
(16, 'afr', 'africaine du sud'),
(17, 'jap', 'japonaise'),
(18, 'sud', 'suédoise'),
(19, 'nor', 'norvégienne'),
(20, 'tun', 'tunisienne'),
(21, 'thai', 'thailandaise'),
(22, 'ben', 'béninoise'),
(23, 'por', 'portoricaine'),
(24, 'mex', 'mexicaine'),
(25, 'isr', 'israélienne'),
(26, 'ir', 'irlandaise'),
(27, 'por', 'portugaise'),
(28, 'fi', 'finlandaise'),
(29, 'da', 'danoise'),
(30, 'ukr', 'ukrainienne'),
(31, 'aut', 'autrichienne'),
(32, 'sui', 'suisse');

-- --------------------------------------------------------

--
-- Structure de la table `personnes`
--

CREATE TABLE `personnes` (
  `id_personne` int(10) UNSIGNED NOT NULL,
  `prenom` varchar(20) NOT NULL,
  `nom` varchar(20) NOT NULL,
  `date_naissance` date DEFAULT NULL,
  `photo_profil` varchar(255) DEFAULT NULL,
  `id_nationalite` int(10) UNSIGNED DEFAULT NULL
) ENGINE=InnoDB DEFAULT CHARSET=utf8;

--
-- Contenu de la table `personnes`
--

INSERT INTO `personnes` (`id_personne`, `prenom`, `nom`, `date_naissance`, `photo_profil`, `id_nationalite`) VALUES
(1, 'Jim', 'Carrey', '1962-01-17', 'https://upload.wikimedia.org/wikipedia/commons/thumb/8/8b/Jim_Carrey_2008.jpg/220px-Jim_Carrey_2008.jpg', 7),
(2, 'Christian', 'Bale', '1974-01-30', 'https://m.media-amazon.com/images/M/MV5BMTkxMzk4MjQ4MF5BMl5BanBnXkFtZTcwMzExODQxOA@@._V1_.jpg', 6),
(3, 'Emma', 'Thompson', NULL, NULL, NULL),
(4, 'Sean', 'Connery', '1930-08-25', 'http://pad.mymovies.it/filmclub/attori/446.jpg', 3),
(5, 'Julia', 'Roberts', '1967-10-28', 'https://akns-images.eonline.com/eol_images/Entire_Site/2017319/rs_634x1024-170419104439-634.cannes-julia-roberts.cm.41817.jpg?fit=around|300:485&crop=300:485;center,top&output-quality=90', 6),
(6, 'Chris', 'Evans', '1981-06-13', 'https://img-3.journaldesfemmes.fr/UUo7cuCoARXfcMUiSWm75izyft8=/2000x/smart/bef3c6d09ffa4f5a84ab979a9f6d0a70/ccmcms-jdf/10847170.jpg', 6),
(7, 'Robert', 'Dowey Jr', '1965-04-04', 'http://www.allodoublage.com/acteurs_vo/images/profil-maxi-Robert-Downey-Jr..jpg', 6),
(8, 'Robert', 'Pattinson', '1986-05-13', 'http://www2.pictures.zimbio.com/gi/2015+Vanity+Fair+Oscar+Party+Hosted+Graydon+XUMQetHYg2Hl.jpg', 6),
(9, 'Roger', 'Moore', NULL, NULL, NULL),
(10, 'Timothy', 'Dalton', NULL, NULL, NULL),
(11, 'Will', 'Smith', NULL, NULL, NULL),
(12, 'Keanu', 'Reeves', '1964-09-02', 'http://fr.web.img6.acsta.net/pictures/17/02/06/17/01/343859.jpg', 7),
(13, 'Emma', 'Stone', NULL, NULL, NULL),
(14, 'Sharon', 'Stones', NULL, NULL, NULL),
(15, 'Denzel', 'Washington', NULL, NULL, NULL),
(16, 'Brad', 'Pitt', NULL, NULL, NULL),
(17, 'Georges', 'Clooney', NULL, NULL, NULL),
(18, 'Johnny', 'Depp', '1963-06-09', 'https://vignette.wikia.nocookie.net/roalddahl/images/9/94/Johnny-Depp-2009.jpg/revision/latest?cb=20151212074553', 6),
(19, 'Matt', 'Damon', NULL, NULL, NULL),
(20, 'Leonardo', 'Di-caprio', NULL, NULL, NULL),
(21, 'Vince', 'Vaughn', NULL, NULL, NULL),
(22, 'Adam', 'Sandler', NULL, NULL, NULL),
(23, 'Tim', 'Burton', NULL, NULL, NULL),
(24, 'Russel', 'Crow', NULL, NULL, NULL),
(25, 'Jennifer', 'Lorenz', NULL, NULL, NULL),
(26, 'Romain', 'Duris', NULL, NULL, NULL),
(27, 'Jean', 'Reno', NULL, NULL, NULL),
(28, 'Mickael', 'Fassbender', NULL, NULL, NULL),
(29, 'François', 'Damiens', '1973-01-16', 'https://resize-elle.ladmedia.fr/rcrop/638,,forcex/img/var/plain_site/storage/images/loisirs/cinema/dossiers/les-belges-reveillent-le-cinema-francais/francois-damiens/16856684-1-fre-FR/Francois-Damiens.jpg', 8),
(30, 'Tommy', 'Lee-Jones', NULL, NULL, NULL),
(31, 'Jennifer', 'Aniston', NULL, NULL, NULL),
(32, 'Gérard', 'Depardieu', NULL, NULL, NULL),
(33, 'Christian', 'Clavier', '0000-00-00', 'null', 1),
(34, 'Mickael', 'Kumberbatch', NULL, NULL, NULL),
(35, 'Jean-Claude', 'Van-Damme', NULL, NULL, NULL),
(36, 'Arnold', 'Schwarzenegger', '1947-07-30', 'https://encrypted-tbn0.gstatic.com/images?q=tbn:ANd9GcQG0xUI4-QExfKoqGeCDrVbgy1tYsMk5KStF2L-JtgveaTwAoWb2Q', 6),
(37, 'Sylvester', 'Stallone', '1946-07-06', 'http://www.allodoublage.com/acteurs_vo/images/Acteur-VO---Sylvester-Stallone.jpg', 6),
(38, 'Steeve', 'Austeen', NULL, NULL, NULL),
(39, 'Louis', 'De Funes', NULL, NULL, NULL),
(40, '', 'Bourvil', NULL, NULL, NULL),
(41, 'Alain', 'Delon', NULL, NULL, NULL),
(42, 'Paul', 'Belmondo', NULL, NULL, NULL),
(43, 'Marion', 'Cotillard', NULL, NULL, NULL),
(44, 'Robin', 'Williams', '1951-07-21', 'https://akns-images.eonline.com/eol_images/Entire_Site/2014711/rs_634x1024-140811160008-634-2robin-williams-rip.ls.81114.jpg?fit=inside|900:auto&output-quality=90', 6),
(45, 'Johnny', 'Hallyday', NULL, NULL, NULL),
(46, 'Kev', 'Adams', NULL, NULL, NULL),
(47, 'Bill', 'Murray', NULL, NULL, NULL),
(48, 'Johnn', 'Travolta', NULL, NULL, NULL),
(49, 'Hugh', 'Jackman', NULL, NULL, NULL),
(50, 'Ryan', 'Reynolds', NULL, NULL, NULL),
(51, 'Charlize', 'Theron', NULL, NULL, NULL),
(52, 'Kad', 'Merad', NULL, NULL, NULL),
(53, 'Kevin', 'Cosner', NULL, NULL, NULL),
(54, 'Paul', 'Walker', NULL, NULL, NULL),
(55, 'Sean', 'Bean', NULL, NULL, NULL),
(56, 'Rowan', 'Atkinson', NULL, NULL, NULL),
(57, 'Sean', 'Penn', NULL, NULL, NULL),
(58, 'Liam', 'Neeson', '1952-06-07', 'https://vignette.wikia.nocookie.net/disney/images/0/0f/Liam_Neeson.jpg/revision/latest?cb=20180607003804', 3),
(59, 'Dwayne', 'Johnson', '1972-05-02', 'http://fr.web.img2.acsta.net/pictures/14/07/24/17/14/366516.jpg', 6),
(60, 'Vin', 'Diesel', NULL, NULL, NULL),
(61, 'Hugh', 'Grant', NULL, NULL, NULL),
(62, 'Ryan', 'Gosling', NULL, NULL, NULL),
(63, 'Channing', 'Tatum', '0000-00-00', 'null', 6),
(64, 'Tom', 'Cruise', NULL, NULL, NULL),
(65, 'Tom', 'Hardy', '1977-09-15', 'https://cdn-3.expansion.mx/dims4/default/5aaef65/2147483647/strip/true/crop/805x1024+0+0/resize/800x1018!/quality/90/?url=https%3A%2F%2Fcdn-3.expansion.mx%2F2b%2F7c%2Feb09c1934d9d8f22e6c183118de6%2Ftom-hardy.jpg', 3),
(66, 'Eddie', 'Murphy', '1961-04-02', 'https://m.media-amazon.com/images/M/MV5BMTc0NDQzODAwNF5BMl5BanBnXkFtZTYwMzUzNTk3._V1_UY317_CR6,0,214,317_AL_.jpg', 6),
(67, 'Harrisson', 'Ford', NULL, NULL, NULL),
(68, 'Nicolas', 'Cage', NULL, NULL, NULL),
(69, 'Tom', 'Hanks', NULL, NULL, NULL),
(70, 'François', 'Cluzet', NULL, NULL, NULL),
(71, 'Omar', 'Sy', NULL, NULL, NULL),
(72, 'Sami', 'Naceri', NULL, NULL, NULL),
(73, 'Guillaume', 'Canet', NULL, NULL, NULL),
(74, 'Elijah', 'Wood', NULL, NULL, NULL),
(75, 'Bruce', 'Willis', '1955-03-19', 'http://fr.web.img5.acsta.net/pictures/15/06/24/14/54/311963.jpg', 6),
(76, 'Ben', 'Affleck', NULL, NULL, NULL),
(77, 'Vigo', 'Mortensen', NULL, NULL, NULL),
(78, 'Liv', 'Taylor', NULL, NULL, NULL),
(79, 'Jamel', 'Debouze', NULL, NULL, NULL),
(80, 'Eric', 'Judor', NULL, NULL, NULL),
(81, 'Ramzy', 'Bédia', NULL, NULL, NULL),
(82, 'Ewan', 'McGregor', NULL, NULL, NULL),
(83, 'Jack', 'Nicholson', NULL, NULL, NULL),
(84, 'Mickael', 'Keaton', NULL, NULL, NULL),
(85, 'Samuel', 'L. Jackson', '1948-12-20', 'https://neuh.com/wp-content/uploads/Samuel-L-Jackson-BET-Networks-web.jpg', 6),
(86, 'Morgan', 'Freeman', NULL, NULL, NULL),
(87, 'Mel', 'Gibson', NULL, NULL, NULL),
(88, 'Quentin', 'Tarantino', NULL, NULL, NULL),
(89, 'Jean', 'Dujardin', NULL, NULL, NULL),
(90, 'Jackie', 'Chan', NULL, NULL, NULL),
(91, 'Jamie', 'Foxx', NULL, NULL, NULL),
(92, 'Danny', 'Boon', NULL, NULL, NULL),
(93, 'Mark', 'Wahlberg', '1971-06-05', 'http://ekladata.com/VPaiYnegxqlotpjzjcHyzD4A8ZM.jpg', 6),
(94, 'Gerard', 'Butler', '1969-11-16', 'http://fr.web.img6.acsta.net/c_215_290/pictures/15/06/29/09/07/244919.jpg', 3),
(95, 'Jet', 'Li', NULL, NULL, NULL),
(96, 'Chris', 'Pratt', '1979-06-21', 'https://img.ohmymag.com/article/480/omg/avant-de-devenir-acteur-chris-pratt-etait-stripteaseur-mais-il-n-etait-pas-tres-doue-d-apres-lui-il-se-faisait-quand-meme-40-dollars-a-chaque-fois-qu-il-se-deshabillait_2424c18e98382a4b2cf618e1fbc079a99f7dd796.jpg', 6),
(97, 'Robert', 'De Niro', NULL, NULL, NULL),
(98, 'Clint', 'Eastwood', '0000-00-00', 'null', 6),
(99, 'Fabrice', 'Luchini', NULL, NULL, NULL),
(100, '', 'Al Pacino', NULL, NULL, NULL),
(101, 'Jack', 'Black', NULL, NULL, NULL),
(102, 'Ian', 'MacKellen', NULL, NULL, NULL),
(103, 'Chris', 'Rock', NULL, NULL, NULL),
(104, 'Kevin', 'Spacey', NULL, NULL, NULL),
(105, 'Pierce', 'Brosnan', '1953-05-16', 'https://m.media-amazon.com/images/M/MV5BMTMwMjMxNzM4OV5BMl5BanBnXkFtZTcwNDM5NzkxMw@@._V1_UY317_CR9,0,214,317_AL_.jpg', 3),
(106, 'Jason', 'Statham', '1967-07-26', 'https://www.mensjournal.com/wp-content/uploads/mf/jason_statham_main.jpg?w=1200&h=1200&crop=1', 3),
(107, 'Thierry', 'Lhermitte', '1952-11-24', 'https://www.jokeme.fr/images/thierry-lhermite.jpg', 1),
(108, 'Leonardo', 'DiCaprio', '1974-11-11', 'https://img-3.journaldesfemmes.fr/KXG1BATLq11rSzb0ERv8UIOWW7A=/2592x/smart/30417536510e473ebd4932612ba8b539/ccmcms-jdf/10346024-leonardo-dicaprio.jpg', 6),
(109, 'Gérard', 'Jugnot', '1951-05-04', 'https://p0.storage.canalblog.com/07/17/937437/71881746.jpg', 1),
(110, 'François', 'Berléand', '1952-04-22', 'http://images.cinefil.com/stars/765309_200x300.jpg', 1),
(111, 'Gad', 'Elmaleh', '1971-04-18', 'https://encrypted-tbn0.gstatic.com/images?q=tbn:ANd9GcRHeoXcA7gxRL2NI3l8n3Ijik7_BH7uDyEdwrGD5BrVDtGp0Cu2', 9),
(112, 'Daniel', 'Auteuil', '1950-01-24', 'https://upload.wikimedia.org/wikipedia/commons/thumb/3/33/Salon_du_livre_de_Paris_2011_-_Daniel_Auteuil_-_001.jpg/250px-Salon_du_livre_de_Paris_2011_-_Daniel_Auteuil_-_001.jpg', 1),
(113, 'André', 'Dussollier', '1946-02-17', 'http://diffusionph.cccommunication.biz/jpgok/RepGR/680/680958_2.jpg', 1),
(114, 'Frank', 'Dubosc', '1963-11-07', 'https://p1.cineserie.com/www.cineserie.com/wp-content/uploads/1963/11/3735.jpg?fit=212%2C318&ssl=1&ver=1', 1),
(115, 'José', 'Garcia', '1966-03-19', 'https://img1.closermag.fr/var/closermag/storage/images/bio-people/biographie-jose-garcia-112817/827937-1-fre-FR/Jose-Garcia_square500x500.jpg', 1),
(116, 'Bradley', 'Cooper', '1975-01-05', 'http://static1.purepeople.com/articles/7/35/44/7/@/247644-bradley-cooper-637x0-1.jpg', 6),
(117, 'Daniel', 'Craig', '1968-05-02', 'https://upload.wikimedia.org/wikipedia/commons/7/7f/Daniel_Craig_-_Film_Premiere_%22Spectre%22_007_-_on_the_Red_Carpet_in_Berlin_%2822387409720%29_%28cropped%29.jpg', 3),
(118, 'Richard', 'Berry', '1950-07-31', 'http://diffusionph.cccommunication.biz/jpgok/redim_recadre_photo.php?path_Photo=259992_17&size=GR&width=578&height=670', 1),
(119, 'Jean', 'Rochefort', '1930-04-29', 'http://www.theatral-magazine.com/_media/img/small/jean-rochefort-2.jpg', 1),
(120, 'Orlando', 'Bloom', '1977-01-12', 'https://upload.wikimedia.org/wikipedia/commons/thumb/8/81/Orlando_Bloom_Cannes_2013.jpg/220px-Orlando_Bloom_Cannes_2013.jpg', 3),
(121, 'Michel', 'Galabru', '1922-10-27', 'http://fr.web.img4.acsta.net/c_215_290/medias/nmedia/18/35/52/69/19459495.jpg', 1),
(122, 'Christopher', 'Lee', '1922-05-27', 'https://vignette.wikia.nocookie.net/seigneur-des-anneaux/images/8/86/Christopher_Leeee.jpg/revision/latest?cb=20140319160251&path-prefix=fr', 3),
(123, 'Alan', 'Rickman', '1946-02-21', 'http://cdn2.estamosrodando.com/biografias/1/3/alan-rickman-155471.jpg', 3),
(124, 'Tony', 'Jaa', '1976-02-04', 'https://www.rsdoublage.com/acteurs/jaa_tony.jpg', 21),
(125, 'Scott', 'Adkins', '1976-06-17', 'https://vignette.wikia.nocookie.net/expendables/images/7/76/Scott_adkins.jpg/revision/latest?cb=20140619180949', 3),
(126, 'Michael', 'Jai White', '1967-11-10', 'http://www1.pictures.gi.zimbio.com/Michael+Jai+White+Black+Dynamite+2009+Sundance+L-rEU6GJdyTl.jpg', 6),
(127, 'Pierre', 'Mondy', '1925-02-10', 'https://medias.unifrance.org/medias/166/220/56486/format_page/media.jpg', 1),
(128, 'Jean', 'Lefebvre', '1919-10-03', 'http://4.bp.blogspot.com/-yRaA5Nodyd8/U8X2o1qAJgI/AAAAAAAAB6I/ahyMKiBzK_M/s1600/3035094945_1_5_K4qBvcQZ.jpg', 1),
(129, 'Robert', 'Lamoureux', '1920-01-04', 'http://savatier.blog.lemonde.fr/files/2009/06/robert_lamoureux.1244907073.jpg', 1),
(130, 'Emma', 'Watson', '1990-04-15', 'https://images.gr-assets.com/users/1474482365p6/50993735.jpg', 3),
(131, 'Jean-Paul', 'Rouve', '1967-01-26', 'http://diffusionph.cccommunication.biz/jpgok/RepGR/169/1694_29.jpg', 1),
(132, 'Alain', 'Chabat', '1958-11-24', 'http://static1.purepeople.com/articles/5/26/23/15/@/3698968-alain-chabat-enregistrement-de-l-emiss-950x0-1.jpg', 1),
(133, 'Kevin', 'Bacon', '1958-07-08', 'https://hips.hearstapps.com/ghk.h-cdn.co/assets/cm/15/12/5509167f49990-ghk-kevin-bacon-s2.jpg', 6),
(134, 'John', 'Goodman', '1952-06-20', 'http://fr.web.img6.acsta.net/c_215_290/pictures/16/03/03/10/48/566508.jpg', 6),
(135, 'Julian', 'Moore', '1960-12-03', 'https://www.alux.com/wp-content/uploads/2017/09/Julianne-Moore-Net-Worth-e1506250822822.jpeg', 6),
(136, 'Jeff', 'Bridges', '1949-12-04', 'https://upload.wikimedia.org/wikipedia/commons/thumb/a/a1/Jeff_Bridges_by_Gage_Skidmore_3.jpg/250px-Jeff_Bridges_by_Gage_Skidmore_3.jpg', 6),
(137, 'Paul', 'Rudd', '1969-04-06', 'http://fr.web.img6.acsta.net/c_215_290/pictures/18/04/24/11/17/4714754.jpg', 6),
(138, 'Michael', 'Douglas', '1944-09-25', 'https://upload.wikimedia.org/wikipedia/commons/thumb/3/38/Michael_Douglas_C%C3%A9sar_2016_3.jpg/200px-Michael_Douglas_C%C3%A9sar_2016_3.jpg', 6),
(139, 'Laurence', 'Fishburne', '1961-07-30', 'https://www.fantascienza.com/imgbank/zoom/NEWS/laurence_l.jpg', 6),
(140, 'Eva', 'Green', '1980-07-06', 'http://fr.web.img2.acsta.net/pictures/15/07/27/15/31/036470.jpg', 1),
(141, 'Hugo', 'Weaving', '1960-04-04', 'https://imgix.ranker.com/node_img/60/1188548/original/hugo-weaving-people-in-tv-photo-1?w=280&h=280&fit=crop&crop=faces&q=50&fmt=jpg', 14),
(142, 'Idris', 'Elba', '1972-09-06', 'https://thebookofman.com/wp-content/uploads/2018/08/IMG_1419.jpg', 3),
(143, 'Michael', 'Peña', '1976-01-13', 'https://upload.wikimedia.org/wikipedia/commons/thumb/1/14/Michael_Pe%C3%B1a_TIFF_2015.jpg/220px-Michael_Pe%C3%B1a_TIFF_2015.jpg', 6),
(144, 'Forest', 'Whitaker', '1961-07-15', 'https://upload.wikimedia.org/wikipedia/commons/thumb/3/34/Forest_Whitaker_Cannes_2013_2.jpg/220px-Forest_Whitaker_Cannes_2013_2.jpg', 6),
(145, 'James', 'Franco', '1978-04-19', 'https://m.media-amazon.com/images/M/MV5BMjA4MzMzNDM5MF5BMl5BanBnXkFtZTgwMjQ0MDk0NDM@._V1_.jpg', 6),
(146, 'Tobey', 'Maguire', '1975-06-27', 'http://fr.web.img3.acsta.net/c_215_290/pictures/15/09/18/11/52/030640.jpg', 6),
(147, 'Djimon', 'Hounsou', '1964-04-22', 'https://m.media-amazon.com/images/M/MV5BMjQ2NTM4MzI4M15BMl5BanBnXkFtZTcwOTkxMjcxNA@@._V1_UY317_CR10,0,214,317_AL_.jpg', 22),
(148, 'David', 'Bautista', '1969-01-18', 'http://www2.pictures.zimbio.com/gi/Dave+Bautista+Royal+Film+Performance+Spectre+u9GLt_ea6-Ml.jpg', 6),
(149, 'Amber', 'Heard', '1986-04-22', 'http://fr.web.img2.acsta.net/pictures/15/06/26/10/49/578358.jpg', 6),
(150, 'Antonio', 'Banderas', '1960-08-10', 'https://i.pinimg.com/originals/16/33/ae/1633ae7cb4c09759756c45e0e9c7e52d.jpg', 4),
(151, 'Michelle', 'Rodríguez', '1978-07-11', 'http://static1.purepeople.com/articles/8/20/36/88/@/2694234-michelle-rodriguez-lors-de-la-premiere-d-950x0-1.jpg', 23),
(152, 'Danny', 'Trejo', '1944-05-16', 'https://m.media-amazon.com/images/M/MV5BMzcxNTQ1ODQxMl5BMl5BanBnXkFtZTYwMzI4MDA2._V1_UX214_CR0,0,214,317_AL_.jpg', 6),
(153, 'Catherine', 'Zeta-Jones', '1969-12-25', 'http://static1.puretrend.com/articles/7/19/03/97/@/2003707-catherine-zeta-jones-ne-ressemble-plus-d-950x0-3.jpg', 3),
(154, 'Jude', 'Law', '1972-12-29', 'https://www.biography.com/.image/ar_1:1%2Cc_fill%2Ccs_srgb%2Cg_face%2Cq_auto:good%2Cw_300/MTE1ODA0OTcxNjkzODY4NTU3/jude-law-9375342-1-402.jpg', 3),
(155, 'Jacques', 'Villeret', '1951-02-05', 'http://img.over-blog.com/381x500/4/92/40/13/PHOTO-2/Jacques-Villeret.jpg', 1),
(156, 'Benicio', 'del Toro', '1967-02-19', 'http://fr.web.img6.acsta.net/pictures/14/07/22/12/40/410500.jpg', 23),
(157, 'Charlie', 'Sheen', '1965-09-03', 'https://m.media-amazon.com/images/M/MV5BMTIyNDQ5Nzk2OF5BMl5BanBnXkFtZTcwODU4MTU5MQ@@._V1_UX214_CR0,0,214,317_AL_.jpg', 6),
(158, 'Michael', 'Peña', '1976-01-12', 'https://upload.wikimedia.org/wikipedia/commons/thumb/1/14/Michael_Pe%C3%B1a_TIFF_2015.jpg/220px-Michael_Pe%C3%B1a_TIFF_2015.jpg', 6),
(159, 'Gal', 'Gadot', '1985-04-30', 'https://m.media-amazon.com/images/M/MV5BMjUzZTJmZDItODRjYS00ZGRhLTg2NWQtOGE0YjJhNWVlMjNjXkEyXkFqcGdeQXVyMTg4NDI0NDM@._V1_UY317_CR51,0,214,317_AL_.jpg', 25),
(160, 'Jeremy', 'Renner', '1971-01-07', 'https://vignette.wikia.nocookie.net/missionimpossible/images/f/ff/151223-renner_jeremy_town_large.jpg/revision/latest?cb=20120930101553', 6),
(161, 'Simon', 'Pegg', '1970-02-14', 'https://vignette.wikia.nocookie.net/wikidoublage/images/8/89/Simon_Pegg.jpg/revision/latest?cb=20180706070036&path-prefix=fr', 3),
(162, 'Cillian', 'Murphy', '1976-05-25', 'https://www.cineserie.com/wp-content/uploads/1976/05/148697.jpg', 26),
(163, 'Adrien', 'Brody', '1973-04-14', 'http://www.lataille.fr/wp-content/uploads/2015/03/adrien-brody1.jpg', 6),
(164, 'Kate', 'Beckinsale', '1973-07-26', 'https://img1.closermag.fr/var/closermag/storage/images/bio-people/biographie-kate-beckinsale-112076/810894-1-fre-FR/Kate-Beckinsale_square500x500.jpg', 3),
(165, 'Matthew', 'McConaughey', '1969-11-04', 'https://www.biography.com/.image/ar_1:1%2Cc_fill%2Ccs_srgb%2Cg_face%2Cq_auto:good%2Cw_300/MTQyNjA5MzczMDc4NzU4NzI3/matthew-mcconaughey-gettyimages-589532902_1600jpg.jpg', 6),
(166, 'Cameron', 'Diaz', '1972-08-30', 'https://voi.img.pmdstatic.net/fit/http.3A.2F.2Fprd2-bone-image.2Es3-website-eu-west-1.2Eamazonaws.2Ecom.2Fprismamedia_people.2F2017.2F06.2F30.2F7486aace-ecb0-4e20-9d0f-27cb864e0c8b.2Ejpeg/380x380/quality/80/cameron-diaz.jpg', 6),
(167, 'Ben', 'Stiller', '1965-11-30', 'https://img-3.journaldesfemmes.fr/QpTQBtjNkSCCn57nXeCo6O8u86U=/1854x/smart/b52841052c9c4e83ab91b8bd381a1f15/ccmcms-jdf/10407137.jpg', 6),
(168, 'Diane', 'Kruger', '1976-07-15', 'https://i.pinimg.com/originals/8f/a8/4f/8fa84f051247f3db9b034ccf6254e713.jpg', 6),
(169, 'John', 'Malkovich', '1953-12-09', 'https://cdn1.thr.com/sites/default/files/imagecache/NFE_portrait/2013/03/john_malkovich.jpg', 6),
(170, 'Donnie', 'Yen', '1963-07-27', 'http://fr.web.img3.acsta.net/pictures/16/07/20/15/36/387202.jpg', 13),
(171, 'Angelina', 'Jolie', '1975-06-04', 'https://drmache.com/wp-content/uploads/2015/04/Angelina-Jolie-shutterstock_100544575-e1462820046122.jpg', 6),
(172, 'Colin', 'Farrell', '1976-05-30', 'http://i.f1g.fr/media/ext/1900x1900/madame.lefigaro.fr/sites/default/files/img/2017/05/colin-farrell-le-desamour-du-tapis-rouge-photo-3.jpg', 26),
(173, 'Anthony', 'Hopkins', '1937-12-31', 'https://cdnph.upi.com/svc/sv/upi/7171521798489/2018/1/fb5e9014991018f105f0cb6a30175b59/Anthony-Hopkins-appears-as-present-day-King-Lear-in-new-photo.jpg', 3),
(174, 'Ed', 'Harris', '1950-11-28', 'https://p2.cineserie.com/www.cineserie.com/wp-content/uploads/1950/11/3707.jpg?fit=212%2C318&ssl=1&ver=1', 6),
(175, 'Mickey', 'Rourke', '1952-09-16', 'https://www.hellomagazine.com/imagenes/profiles//mickey-rourke/5225-mickey-b.jpg', 6),
(176, 'Claude', 'Brasseur', NULL, NULL, NULL),
(177, 'Gérard', 'Lanvin', NULL, NULL, NULL),
(178, 'Mathilde', 'Seigner', NULL, NULL, NULL),
(179, 'Zach', 'Efron', NULL, NULL, NULL),
(180, 'Ashton', 'Kutcher', NULL, NULL, NULL),
(181, 'Demi', 'Moore', NULL, NULL, NULL),
(182, 'Anne', 'Hathaway', NULL, NULL, NULL),
(183, 'Sandra', 'Bullock', NULL, NULL, NULL),
(184, 'Cate', 'Blanchett', NULL, NULL, NULL),
(185, 'Halle', 'Berry', NULL, NULL, NULL),
(186, 'Katie', 'Holmes', NULL, NULL, NULL),
(187, 'Nicole', 'Kidman', NULL, NULL, NULL),
(188, 'Natalie', 'Portman', NULL, NULL, NULL),
(189, 'Keira', 'Knightley', NULL, NULL, NULL),
(190, 'Scarlett', 'Johansson', NULL, NULL, NULL),
(191, 'Margot', 'Robbie', NULL, NULL, NULL),
(192, 'Chloë', 'Grace Moretz', NULL, NULL, NULL),
(193, 'Aaron', 'Taylor-Johnson', NULL, NULL, NULL),
(194, 'Mark', 'Strong', NULL, NULL, NULL),
(195, 'Colin', 'Firth', NULL, NULL, NULL),
(196, 'Michael', 'Caine', NULL, NULL, NULL),
(197, 'Mark', 'Hamill', NULL, NULL, NULL),
(198, 'Carrie', 'Fisher', NULL, NULL, NULL),
(199, 'Mila', 'Kunis', NULL, NULL, NULL),
(200, 'Patrick', 'Swayze', NULL, NULL, NULL),
(201, 'Vincent', 'Cassel', NULL, NULL, NULL),
(202, 'Pierre', 'Arditi', NULL, NULL, NULL),
(203, 'Gary', 'Oldman', NULL, NULL, NULL),
(204, 'Josianne', 'Balasko', NULL, NULL, NULL),
(205, 'Catherine', 'Deneuve', NULL, NULL, NULL),
(206, 'Zoé', 'Felix', NULL, NULL, NULL),
(207, 'Line', 'Renaud', NULL, NULL, NULL),
(208, 'Anne', 'Marivin', NULL, NULL, NULL),
(209, 'Lino', 'Ventura', NULL, NULL, NULL),
(210, 'Bernard', 'Blier', NULL, NULL, NULL),
(211, 'Jean-Pierre', 'Darroussin', NULL, NULL, NULL),
(212, 'Clovis', 'Cornillac', NULL, NULL, NULL),
(213, 'Lambert', 'Wilson', NULL, NULL, NULL),
(214, 'Albert', 'Dupontel', NULL, NULL, NULL),
(215, 'Benoît', 'Poelvoorde', NULL, NULL, NULL),
(216, 'Billy', 'Nighy', NULL, NULL, NULL),
(217, 'Michel', 'Blanc', NULL, NULL, NULL),
(218, 'Alec', 'Baldwin', NULL, NULL, NULL),
(219, 'Yvan', 'Attal', NULL, NULL, NULL),
(220, 'Gérard', 'Darmon', NULL, NULL, NULL),
(221, 'Woody', 'Allen', NULL, NULL, NULL),
(222, 'Dustin', 'Hoffman', NULL, NULL, NULL),
(223, 'Ian', 'Holm', NULL, NULL, NULL),
(224, 'Edouard', 'Baer', NULL, NULL, NULL),
(225, 'Mark', 'Ruffalo', NULL, NULL, NULL),
(226, 'Ben', 'Kingsley', NULL, NULL, NULL),
(227, 'Patrick', 'Timsit', NULL, NULL, NULL),
(228, 'Jake', 'Gyllenhaal', NULL, NULL, NULL),
(229, 'Christopher', 'Lloyd', NULL, NULL, NULL),
(230, 'Elijah', 'Wood', NULL, NULL, NULL),
(231, 'Daniel', 'Radcliffe', NULL, NULL, NULL),
(232, 'Shia', 'LaBeouf', NULL, NULL, NULL),
(233, 'Didier', 'Bourdon', NULL, NULL, NULL),
(234, 'Pascal', 'Légitimus', NULL, NULL, NULL),
(235, 'Bernard', 'Campan', NULL, NULL, NULL),
(236, 'Michael', 'J. Fox', NULL, NULL, NULL),
(237, 'Steve', 'Carell', NULL, NULL, NULL);

-- --------------------------------------------------------

--
-- Structure de la table `roles`
--

CREATE TABLE `roles` (
  `id_role` int(10) UNSIGNED NOT NULL,
  `role` varchar(20) NOT NULL
) ENGINE=InnoDB DEFAULT CHARSET=utf8;

--
-- Contenu de la table `roles`
--

INSERT INTO `roles` (`id_role`, `role`) VALUES
(1, 'Acteur'),
(2, 'Réalisateur'),
(3, 'Producteur'),
(4, 'Doubleur');

-- --------------------------------------------------------

--
-- Structure de la table `types`
--

CREATE TABLE `types` (
  `id_type` int(10) UNSIGNED NOT NULL,
  `type` varchar(50) NOT NULL
) ENGINE=InnoDB DEFAULT CHARSET=utf8;

--
-- Contenu de la table `types`
--

INSERT INTO `types` (`id_type`, `type`) VALUES
(1, 'Live Action'),
(2, 'Film d''Animation'),
(3, 'Dessin Animé');

-- --------------------------------------------------------

--
-- Structure de la table `utilisateurs`
--

CREATE TABLE `utilisateurs` (
  `id_utilisateur` int(10) UNSIGNED NOT NULL,
  `login` varchar(20) NOT NULL,
  `password` varchar(20) NOT NULL,
  `email` varchar(50) NOT NULL,
  `prenom` varchar(20) NOT NULL,
  `nom` varchar(20) NOT NULL,
  `date_naissance` date NOT NULL
) ENGINE=InnoDB DEFAULT CHARSET=utf8;

--
-- Contenu de la table `utilisateurs`
--

INSERT INTO `utilisateurs` (`id_utilisateur`, `login`, `password`, `email`, `prenom`, `nom`, `date_naissance`) VALUES
(1, 'tim', 'azerty', 'timtim@hotmail.com', 'Timothée', 'Masurel', '1989-07-12');

--
-- Index pour les tables exportées
--

--
-- Index pour la table `ddurs`
--
ALTER TABLE `ddurs`
  ADD PRIMARY KEY (`id_ddur`);

--
-- Index pour la table `films`
--
ALTER TABLE `films`
  ADD PRIMARY KEY (`id_film`),
  ADD KEY `id_ddur` (`id_ddur`),
  ADD KEY `id_type` (`id_type`);

--
-- Index pour la table `film_genre`
--
ALTER TABLE `film_genre`
  ADD PRIMARY KEY (`id_film`,`id_genre`),
  ADD KEY `id_genre` (`id_genre`);

--
-- Index pour la table `film_personne`
--
ALTER TABLE `film_personne`
  ADD PRIMARY KEY (`id_film`,`id_personne`),
  ADD KEY `id_personne` (`id_personne`),
  ADD KEY `id_role` (`id_role`);

--
-- Index pour la table `genres`
--
ALTER TABLE `genres`
  ADD PRIMARY KEY (`id_genre`);

--
-- Index pour la table `nationalites`
--
ALTER TABLE `nationalites`
  ADD PRIMARY KEY (`id_nationalite`);

--
-- Index pour la table `personnes`
--
ALTER TABLE `personnes`
  ADD PRIMARY KEY (`id_personne`),
  ADD KEY `id_nationalite` (`id_nationalite`);

--
-- Index pour la table `roles`
--
ALTER TABLE `roles`
  ADD PRIMARY KEY (`id_role`);

--
-- Index pour la table `types`
--
ALTER TABLE `types`
  ADD PRIMARY KEY (`id_type`);

--
-- Index pour la table `utilisateurs`
--
ALTER TABLE `utilisateurs`
  ADD PRIMARY KEY (`id_utilisateur`);

--
-- AUTO_INCREMENT pour les tables exportées
--

--
-- AUTO_INCREMENT pour la table `ddurs`
--
ALTER TABLE `ddurs`
  MODIFY `id_ddur` int(10) UNSIGNED NOT NULL AUTO_INCREMENT, AUTO_INCREMENT=6;
--
-- AUTO_INCREMENT pour la table `films`
--
ALTER TABLE `films`
  MODIFY `id_film` int(10) UNSIGNED NOT NULL AUTO_INCREMENT, AUTO_INCREMENT=1991;
--
-- AUTO_INCREMENT pour la table `genres`
--
ALTER TABLE `genres`
  MODIFY `id_genre` int(10) UNSIGNED NOT NULL AUTO_INCREMENT, AUTO_INCREMENT=51;
--
-- AUTO_INCREMENT pour la table `nationalites`
--
ALTER TABLE `nationalites`
  MODIFY `id_nationalite` int(10) UNSIGNED NOT NULL AUTO_INCREMENT, AUTO_INCREMENT=33;
--
-- AUTO_INCREMENT pour la table `personnes`
--
ALTER TABLE `personnes`
  MODIFY `id_personne` int(10) UNSIGNED NOT NULL AUTO_INCREMENT, AUTO_INCREMENT=238;
--
-- AUTO_INCREMENT pour la table `roles`
--
ALTER TABLE `roles`
  MODIFY `id_role` int(10) UNSIGNED NOT NULL AUTO_INCREMENT, AUTO_INCREMENT=5;
--
-- AUTO_INCREMENT pour la table `types`
--
ALTER TABLE `types`
  MODIFY `id_type` int(10) UNSIGNED NOT NULL AUTO_INCREMENT, AUTO_INCREMENT=4;
--
-- AUTO_INCREMENT pour la table `utilisateurs`
--
ALTER TABLE `utilisateurs`
  MODIFY `id_utilisateur` int(10) UNSIGNED NOT NULL AUTO_INCREMENT, AUTO_INCREMENT=2;
--
-- Contraintes pour les tables exportées
--

--
-- Contraintes pour la table `films`
--
ALTER TABLE `films`
  ADD CONSTRAINT `films_ibfk_1` FOREIGN KEY (`id_ddur`) REFERENCES `ddurs` (`id_ddur`),
  ADD CONSTRAINT `films_ibfk_2` FOREIGN KEY (`id_type`) REFERENCES `types` (`id_type`);

--
-- Contraintes pour la table `film_genre`
--
ALTER TABLE `film_genre`
  ADD CONSTRAINT `film_genre_ibfk_1` FOREIGN KEY (`id_film`) REFERENCES `films` (`id_film`),
  ADD CONSTRAINT `film_genre_ibfk_2` FOREIGN KEY (`id_genre`) REFERENCES `genres` (`id_genre`);

--
-- Contraintes pour la table `film_personne`
--
ALTER TABLE `film_personne`
  ADD CONSTRAINT `film_personne_ibfk_1` FOREIGN KEY (`id_film`) REFERENCES `films` (`id_film`),
  ADD CONSTRAINT `film_personne_ibfk_2` FOREIGN KEY (`id_personne`) REFERENCES `personnes` (`id_personne`),
  ADD CONSTRAINT `film_personne_ibfk_3` FOREIGN KEY (`id_role`) REFERENCES `roles` (`id_role`);

--
-- Contraintes pour la table `personnes`
--
ALTER TABLE `personnes`
  ADD CONSTRAINT `personnes_ibfk_1` FOREIGN KEY (`id_nationalite`) REFERENCES `nationalites` (`id_nationalite`);

/*!40101 SET CHARACTER_SET_CLIENT=@OLD_CHARACTER_SET_CLIENT */;
/*!40101 SET CHARACTER_SET_RESULTS=@OLD_CHARACTER_SET_RESULTS */;
/*!40101 SET COLLATION_CONNECTION=@OLD_COLLATION_CONNECTION */;
